[{"model": "admin.logentry", "pk": 1, "fields": {"action_time": "2025-06-20T09:38:59.194Z", "user": 9, "content_type": 7, "object_id": "9", "object_repr": "okarera", "action_flag": 2, "change_message": "[{\"changed\": {\"fields\": [\"First name\", \"Last name\", \"Can place ads\", \"Can place bids\", \"Role\"]}}]"}}, {"model": "admin.logentry", "pk": 2, "fields": {"action_time": "2025-07-02T10:23:21.938Z", "user": 9, "content_type": 7, "object_id": "10", "object_repr": "nickvalenti96@gmail.com", "action_flag": 2, "change_message": "[{\"changed\": {\"fields\": [\"Superuser status\"]}}]"}}, {"model": "admin.logentry", "pk": 3, "fields": {"action_time": "2025-07-02T10:29:59.033Z", "user": 9, "content_type": 7, "object_id": "10", "object_repr": "nickvalenti96@gmail.com", "action_flag": 2, "change_message": "[{\"changed\": {\"fields\": [\"Staff status\"]}}]"}}, {"model": "admin.logentry", "pk": 4, "fields": {"action_time": "2025-07-17T10:49:47.223Z", "user": 9, "content_type": 15, "object_id": "12", "object_repr": "Karera Recycling - premium (active)", "action_flag": 3, "change_message": ""}}, {"model": "admin.logentry", "pk": 5, "fields": {"action_time": "2025-07-17T11:52:08.611Z", "user": 9, "content_type": 17, "object_id": "6", "object_repr": "Your Ad Has Been Approved (Broadcast) - 2025-07-14 02:44", "action_flag": 2, "change_message": "[{\"changed\": {\"fields\": [\"Type\", \"User\"]}}]"}}, {"model": "admin.logentry", "pk": 6, "fields": {"action_time": "2025-07-17T12:37:38.676Z", "user": 9, "content_type": 7, "object_id": "27", "object_repr": "bidder", "action_flag": 2, "change_message": "[]"}}, {"model": "admin.logentry", "pk": 7, "fields": {"action_time": "2025-07-17T12:39:42.124Z", "user": 9, "content_type": 7, "object_id": "25", "object_repr": "user_test", "action_flag": 2, "change_message": "[{\"changed\": {\"fields\": [\"First name\", \"Last name\", \"Name\"]}}]"}}, {"model": "admin.logentry", "pk": 8, "fields": {"action_time": "2025-07-17T12:40:21.642Z", "user": 9, "content_type": 7, "object_id": "24", "object_repr": "adminuser", "action_flag": 2, "change_message": "[{\"changed\": {\"fields\": [\"First name\", \"Last name\", \"Name\"]}}]"}}, {"model": "admin.logentry", "pk": 9, "fields": {"action_time": "2025-07-17T12:41:24.764Z", "user": 9, "content_type": 7, "object_id": "23", "object_repr": "ida.eriksson@modgroup.se", "action_flag": 2, "change_message": "[{\"changed\": {\"fields\": [\"Username\", \"First name\", \"Last name\"]}}]"}}, {"model": "admin.logentry", "pk": 10, "fields": {"action_time": "2025-07-17T12:42:37.165Z", "user": 9, "content_type": 7, "object_id": "20", "object_repr": "admin_test", "action_flag": 2, "change_message": "[{\"changed\": {\"fields\": [\"Password\", \"First name\", \"Last name\", \"Name\"]}}]"}}, {"model": "admin.logentry", "pk": 11, "fields": {"action_time": "2025-07-17T12:43:40.458Z", "user": 9, "content_type": 7, "object_id": "27", "object_repr": "bidder", "action_flag": 2, "change_message": "[{\"changed\": {\"fields\": [\"Name\"]}}]"}}, {"model": "admin.logentry", "pk": 12, "fields": {"action_time": "2025-07-17T12:44:35.109Z", "user": 9, "content_type": 7, "object_id": "19", "object_repr": "john.smith@bahumit.se", "action_flag": 2, "change_message": "[{\"changed\": {\"fields\": [\"Username\", \"First name\", \"Last name\"]}}]"}}, {"model": "admin.logentry", "pk": 13, "fields": {"action_time": "2025-07-17T12:45:08.778Z", "user": 9, "content_type": 7, "object_id": "22", "object_repr": "bidder_test", "action_flag": 2, "change_message": "[{\"changed\": {\"fields\": [\"Password\", \"Name\"]}}]"}}, {"model": "admin.logentry", "pk": 14, "fields": {"action_time": "2025-07-17T12:45:49.997Z", "user": 9, "content_type": 7, "object_id": "16", "object_repr": "gabriele@sanpellegrino.it", "action_flag": 2, "change_message": "[{\"changed\": {\"fields\": [\"Username\", \"First name\", \"Last name\"]}}]"}}, {"model": "admin.logentry", "pk": 15, "fields": {"action_time": "2025-07-17T12:46:20.182Z", "user": 9, "content_type": 7, "object_id": "15", "object_repr": "mario.rossi@atomler.se", "action_flag": 2, "change_message": "[{\"changed\": {\"fields\": [\"Username\", \"First name\", \"Last name\"]}}]"}}, {"model": "admin.logentry", "pk": 16, "fields": {"action_time": "2025-07-17T12:47:11.292Z", "user": 9, "content_type": 7, "object_id": "18", "object_repr": "bidder_user", "action_flag": 2, "change_message": "[{\"changed\": {\"fields\": [\"Password\", \"Name\"]}}]"}}, {"model": "admin.logentry", "pk": 17, "fields": {"action_time": "2025-07-17T13:49:55.652Z", "user": 9, "content_type": 17, "object_id": "15", "object_repr": "Test 123 - 2025-07-17 13:22", "action_flag": 3, "change_message": ""}}, {"model": "admin.logentry", "pk": 18, "fields": {"action_time": "2025-07-17T13:49:55.652Z", "user": 9, "content_type": 17, "object_id": "13", "object_repr": "Not Test - 2025-07-17 12:59", "action_flag": 3, "change_message": ""}}, {"model": "admin.logentry", "pk": 19, "fields": {"action_time": "2025-07-17T13:49:55.652Z", "user": 9, "content_type": 17, "object_id": "12", "object_repr": "test - 2025-07-17 12:23", "action_flag": 3, "change_message": ""}}, {"model": "admin.logentry", "pk": 20, "fields": {"action_time": "2025-07-17T13:49:55.652Z", "user": 9, "content_type": 17, "object_id": "11", "object_repr": "test - 2025-07-17 12:23", "action_flag": 3, "change_message": ""}}, {"model": "admin.logentry", "pk": 21, "fields": {"action_time": "2025-07-17T13:49:55.652Z", "user": 9, "content_type": 17, "object_id": "10", "object_repr": "test - 2025-07-17 12:20", "action_flag": 3, "change_message": ""}}, {"model": "admin.logentry", "pk": 22, "fields": {"action_time": "2025-07-17T13:49:55.652Z", "user": 9, "content_type": 17, "object_id": "6", "object_repr": "Your Ad Has Been Approved (Broadcast) - 2025-07-14 02:44", "action_flag": 3, "change_message": ""}}, {"model": "admin.logentry", "pk": 23, "fields": {"action_time": "2025-07-17T21:20:46.422Z", "user": 9, "content_type": 15, "object_id": "13", "object_repr": "Karera Recycling - standard (active)", "action_flag": 3, "change_message": ""}}, {"model": "admin.logentry", "pk": 24, "fields": {"action_time": "2025-07-28T12:44:55.954Z", "user": 9, "content_type": 6, "object_id": "31", "object_repr": "Forbes and Rice Inc (pending)", "action_flag": 2, "change_message": "[{\"changed\": {\"fields\": [\"Vat number\", \"Sector\", \"Approval Status\"]}}]"}}, {"model": "admin.logentry", "pk": 25, "fields": {"action_time": "2025-07-28T12:51:47.594Z", "user": 9, "content_type": 6, "object_id": "31", "object_repr": "Forbes and Rice Inc (approved)", "action_flag": 2, "change_message": "[{\"changed\": {\"fields\": [\"Sector\"]}}]"}}, {"model": "admin.logentry", "pk": 26, "fields": {"action_time": "2025-07-28T15:27:54.788Z", "user": 9, "content_type": 6, "object_id": "31", "object_repr": "Forbes and Rice Inc (approved)", "action_flag": 2, "change_message": "[{\"changed\": {\"fields\": [\"Sector\"]}}]"}}, {"model": "admin.logentry", "pk": 27, "fields": {"action_time": "2025-07-31T21:03:43.785Z", "user": 9, "content_type": 8, "object_id": "26", "object_repr": "Test Status", "action_flag": 3, "change_message": ""}}, {"model": "admin.logentry", "pk": 28, "fields": {"action_time": "2025-07-31T21:03:44.088Z", "user": 9, "content_type": 8, "object_id": "25", "object_repr": "Test Status Category", "action_flag": 3, "change_message": ""}}, {"model": "admin.logentry", "pk": 29, "fields": {"action_time": "2025-07-31T21:03:44.392Z", "user": 9, "content_type": 8, "object_id": "24", "object_repr": "Test Metals", "action_flag": 3, "change_message": ""}}, {"model": "admin.logentry", "pk": 30, "fields": {"action_time": "2025-07-31T21:03:44.697Z", "user": 9, "content_type": 8, "object_id": "23", "object_repr": "Test Plastics", "action_flag": 3, "change_message": ""}}, {"model": "admin.logentry", "pk": 31, "fields": {"action_time": "2025-07-31T21:03:45.002Z", "user": 9, "content_type": 8, "object_id": "22", "object_repr": "Test Category", "action_flag": 3, "change_message": ""}}, {"model": "admin.logentry", "pk": 32, "fields": {"action_time": "2025-07-31T21:03:45.310Z", "user": 9, "content_type": 8, "object_id": "19", "object_repr": "Test Materials", "action_flag": 3, "change_message": ""}}, {"model": "admin.logentry", "pk": 33, "fields": {"action_time": "2025-08-07T06:48:12.227Z", "user": 9, "content_type": 21, "object_id": "2", "object_repr": "Standard Plan - 600.00 SEK/month", "action_flag": 2, "change_message": "[{\"changed\": {\"fields\": [\"Price\"]}}]"}}, {"model": "admin.logentry", "pk": 34, "fields": {"action_time": "2025-08-07T08:04:35.556Z", "user": 9, "content_type": 21, "object_id": "2", "object_repr": "Standard Plan - 599.00 SEK/month", "action_flag": 2, "change_message": "[{\"changed\": {\"fields\": [\"Price\"]}}]"}}, {"model": "admin.logentry", "pk": 35, "fields": {"action_time": "2025-08-20T23:22:04.699Z", "user": 9, "content_type": 26, "object_id": "50b44850-0d9b-43bd-a0d6-afc4b7e0e739", "object_repr": "Payment pi_3RyLBHGkYKANi90d0WRYLWlD - 11000.00 SEK", "action_flag": 3, "change_message": ""}}, {"model": "admin.logentry", "pk": 36, "fields": {"action_time": "2025-08-21T08:56:36.021Z", "user": 9, "content_type": 26, "object_id": "25c0e861-186a-427f-b30f-fc103ba7a61c", "object_repr": "Payment pi_3RyUEvGkYKANi90d1GJokMEA - 105000.00 SEK", "action_flag": 3, "change_message": ""}}, {"model": "admin.logentry", "pk": 37, "fields": {"action_time": "2025-08-21T18:30:24.922Z", "user": 9, "content_type": 26, "object_id": "a803d9d9-764c-4d51-b8b8-17e6d257eb2c", "object_repr": "Payment pi_3RyULJGkYKANi90d0zc3GolQ - 105000.00 SEK", "action_flag": 3, "change_message": ""}}, {"model": "admin.logentry", "pk": 38, "fields": {"action_time": "2025-08-21T18:48:00.367Z", "user": 9, "content_type": 26, "object_id": "9a47aa51-055c-413e-a1ac-6d5f32507d1d", "object_repr": "Payment pi_3RydTwGkYKANi90d1PpVYuUr - 110000.00 SEK", "action_flag": 3, "change_message": ""}}, {"model": "admin.logentry", "pk": 39, "fields": {"action_time": "2025-08-21T20:30:13.820Z", "user": 9, "content_type": 27, "object_id": "1b992813-f089-4c28-81b3-26f13e21328c", "object_repr": "Commission - 2800.00 SEK", "action_flag": 3, "change_message": ""}}, {"model": "admin.logentry", "pk": 40, "fields": {"action_time": "2025-08-21T20:30:13.821Z", "user": 9, "content_type": 27, "object_id": "7e9bb895-95fe-4d6e-b8d7-b7a2dc0c425d", "object_repr": "Payout - 269700.00 SEK", "action_flag": 3, "change_message": ""}}, {"model": "admin.logentry", "pk": 41, "fields": {"action_time": "2025-08-21T20:30:13.821Z", "user": 9, "content_type": 27, "object_id": "970c919b-c55a-41e5-8d9d-08c71c68ec6e", "object_repr": "Commission - 20300.00 SEK", "action_flag": 3, "change_message": ""}}, {"model": "admin.logentry", "pk": 42, "fields": {"action_time": "2025-08-21T20:30:13.821Z", "user": 9, "content_type": 27, "object_id": "998113cb-44a9-48d2-b2f9-fb41c3ed4ac5", "object_repr": "Payout - 269700.00 SEK", "action_flag": 3, "change_message": ""}}, {"model": "admin.logentry", "pk": 43, "fields": {"action_time": "2025-08-21T20:30:13.821Z", "user": 9, "content_type": 27, "object_id": "6cf4157d-e22e-4700-b86a-f6756961274b", "object_repr": "Commission - 20300.00 SEK", "action_flag": 3, "change_message": ""}}, {"model": "admin.logentry", "pk": 44, "fields": {"action_time": "2025-08-21T20:30:13.821Z", "user": 9, "content_type": 27, "object_id": "41b26514-b878-4b82-a541-22d59a4ca8af", "object_repr": "Payout - 10230.00 SEK", "action_flag": 3, "change_message": ""}}, {"model": "admin.logentry", "pk": 45, "fields": {"action_time": "2025-08-21T20:30:13.821Z", "user": 9, "content_type": 27, "object_id": "9870944e-68be-4422-9467-a54ef1ef5c0d", "object_repr": "Commission - 770.00 SEK", "action_flag": 3, "change_message": ""}}, {"model": "admin.logentry", "pk": 46, "fields": {"action_time": "2025-08-21T20:42:51.388Z", "user": 9, "content_type": 26, "object_id": "f7fd6e13-0e1c-45ea-b0dd-e0d41d8198eb", "object_repr": "Payment pi_3RyfGqGkYKANi90d1Prut9wQ - 680000.00 SEK", "action_flag": 3, "change_message": ""}}, {"model": "admin.logentry", "pk": 47, "fields": {"action_time": "2025-08-21T20:42:51.388Z", "user": 9, "content_type": 26, "object_id": "81c139f4-8bf1-4350-bffb-0d2ec167cc77", "object_repr": "Payment pi_3RyeuSGkYKANi90d1MQPpaLY - 105000.00 SEK", "action_flag": 3, "change_message": ""}}, {"model": "admin.logentry", "pk": 48, "fields": {"action_time": "2025-09-18T19:13:39.805Z", "user": 9, "content_type": 6, "object_id": "1", "object_repr": "Karera Recycling (approved)", "action_flag": 2, "change_message": "[{\"changed\": {\"fields\": [\"Stripe account id\", \"Stripe capabilities complete\", \"Stripe onboarding complete\", \"Payment ready\"]}}]"}}, {"model": "admin.logentry", "pk": 49, "fields": {"action_time": "2025-09-24T20:05:30.811Z", "user": 9, "content_type": 6, "object_id": "1", "object_repr": "Karera Recycling (approved)", "action_flag": 2, "change_message": "[{\"changed\": {\"fields\": [\"Stripe account id\", \"Stripe capabilities complete\", \"Stripe onboarding complete\", \"Payment ready\"]}}]"}}, {"model": "admin.logentry", "pk": 50, "fields": {"action_time": "2025-09-25T09:55:52.364Z", "user": 9, "content_type": 8, "object_id": "28", "object_repr": "Electronics", "action_flag": 3, "change_message": ""}}, {"model": "admin.logentry", "pk": 51, "fields": {"action_time": "2025-09-25T09:55:52.364Z", "user": 9, "content_type": 8, "object_id": "27", "object_repr": "Test Plastic", "action_flag": 3, "change_message": ""}}, {"model": "admin.logentry", "pk": 52, "fields": {"action_time": "2025-09-25T09:55:52.364Z", "user": 9, "content_type": 8, "object_id": "21", "object_repr": "Metal", "action_flag": 3, "change_message": ""}}, {"model": "admin.logentry", "pk": 53, "fields": {"action_time": "2025-09-25T09:55:52.364Z", "user": 9, "content_type": 8, "object_id": "20", "object_repr": "Plastic", "action_flag": 3, "change_message": ""}}, {"model": "admin.logentry", "pk": 54, "fields": {"action_time": "2025-09-25T09:55:52.364Z", "user": 9, "content_type": 8, "object_id": "15", "object_repr": "E-waste", "action_flag": 3, "change_message": ""}}, {"model": "sessions.session", "pk": "3kul45p5tx8ogwxw7i6pvpb8ks74gii4", "fields": {"session_data": ".eJxVjEEOgjAQRe_StWmGGUqpS_eeoZmZFkFNSSisjHdXEha6_e-9_zKRt3WMW81LnJI5m2BOv5uwPnLZQbpzuc1W57Iuk9hdsQet9jqn_Lwc7t_ByHX81qqEg2ivQTB0g2_DgCiE0EHjXGJp1DF4Jo8kgahrQ-9QMgGAA9-b9wfhZzbX:1uhaWQ:-jx3nYuKdpXorqPjlVRyRZxIS_rouuTtMe5Avn6fWbM", "expire_date": "2025-08-14T21:09:06.622Z"}}, {"model": "sessions.session", "pk": "6k0f40rehfpm25iqjmbhkimes7w4l5bn", "fields": {"session_data": ".eJxVjDsOwjAQBe_iGln4b1PScwZr17vgALKlOKkQd4dIKaB9M_NeIsO61LwOnvNE4iSSOPxuCOXBbQN0h3brsvS2zBPKTZE7HfLSiZ_n3f07qDDqt1YaUyQVDSbnA2lvYrTOsoYSjgY0k0dW4IylEuiKJrIBh0En8iFZK94f0QU3iQ:1ur4J7:1B5Qxn2h-AhCfEPEDX2RTaTWGZFp1gSihpDQXHWMGm4", "expire_date": "2025-09-10T00:46:33.257Z"}}, {"model": "sessions.session", "pk": "6k9vo4f3sptrsvu7y6w0oqn7u7semurl", "fields": {"session_data": ".eJxVjMsOwiAQRf-FtSEMBQZcuvcbyPCSqoGktCvjv2uTLnR7zzn3xTxta_XbyIufEzszAM1Ov2ug-MhtR-lO7dZ57G1d5sB3hR908GtP-Xk53L-DSqN-a60KSIcZjSaHJRlCG4QAi6WAzVoJDUhyStEgRautNSEDGZcmqaQT7P0BEcs3YA:1vAwag:xhzrllERJPjBEqeK8pOOBVMlC59Ji3somgVS1gLsbE8", "expire_date": "2025-11-03T20:34:50.260Z"}}, {"model": "sessions.session", "pk": "6mqbr55lv4z5mhualbmpptds9ua5q5uz", "fields": {"session_data": ".eJxVjDsOwyAQBe9CHSG-i0mZ3mdAC4uDkwgkY1dR7h5bcpG0M_PemwXc1hK2npcwE7syxS6_LGJ65noIemC9N55aXZc58iPhp-18bJRft7P9OyjYy74GsmA8uQFBWEUojZRgNQ7R7EBP2lOWCoQ2yTiYSBnlNVohUQkHKbHPF68hNnI:1uSZBu:i1qBJNjC18f86jxQ-ZCAyVUToIuqWAKcEEe9O7nJosA", "expire_date": "2025-07-04T10:41:50.644Z"}}, {"model": "sessions.session", "pk": "7g6c0kkcnkyy2zmn1x60vtxawiu5rkm3", "fields": {"session_data": ".eJxVjDsOwjAQBe_iGln4b1PScwZr17vgALKlOKkQd4dIKaB9M_NeIsO61LwOnvNE4iSSOPxuCOXBbQN0h3brsvS2zBPKTZE7HfLSiZ_n3f07qDDqt1YaUyQVDSbnA2lvYrTOsoYSjgY0k0dW4IylEuiKJrIBh0En8iFZK94f0QU3iQ:1v1TqZ:oyPs2zUk2X8hoTH9V3ejy1zBWjizq0OHAHXeSJyQJSw", "expire_date": "2025-10-08T18:04:07.121Z"}}, {"model": "sessions.session", "pk": "85hz0kdo4lsf7vqcgytsvkdyjzdjsk5e", "fields": {"session_data": ".eJxVjMsOwiAQRf-FtSEMj0Fcuu83kIEhUjWQlHZl_Hdt0oVu7znnvkSkba1xG2WJM4uLCOL0uyXKj9J2wHdqty5zb-syJ7kr8qBDTp3L83q4fweVRv3Wio0LJmiHyhoLSWsqyIgJswVvmZV2EJL1DtjnMzskb7XXAFwUZBTvD6ziNnk:1uTSxQ:q3AS34_J0xJU05Eai2GQjTbSrGBEj4ugoH-XOU7ZwzY", "expire_date": "2025-07-06T22:14:36.447Z"}}, {"model": "sessions.session", "pk": "92g53o6v6jiaiqq4x0sm85xpdun5wye9", "fields": {"session_data": ".eJxVjDsOwyAQBe9CHSG-i0mZ3mdAC4uDkwgkY1dR7h5bcpG0M_PemwXc1hK2npcwE7syxS6_LGJ65noIemC9N55aXZc58iPhp-18bJRft7P9OyjYy74GsmA8uQFBWEUojZRgNQ7R7EBP2lOWCoQ2yTiYSBnlNVohUQkHKbHPF68hNnI:1uSXz2:LYN84-wveKaFygsKhdi7r1cZiu-v2J1ah-0Ro50BILQ", "expire_date": "2025-07-04T09:24:28.703Z"}}, {"model": "sessions.session", "pk": "9s178iz79z3z1n1pgjmwt2f80ansz3lf", "fields": {"session_data": ".eJxVjDsOwjAQBe_iGln4b1PScwZr17vgALKlOKkQd4dIKaB9M_NeIsO61LwOnvNE4iSSOPxuCOXBbQN0h3brsvS2zBPKTZE7HfLSiZ_n3f07qDDqt1YaUyQVDSbnA2lvYrTOsoYSjgY0k0dW4IylEuiKJrIBh0En8iFZK94f0QU3iQ:1utA7h:g3CAYHZ8yGfsuEL-R8NNaMAoQqMrQ2FAhBbeFCPP1ic", "expire_date": "2025-09-15T19:23:25.006Z"}}, {"model": "sessions.session", "pk": "bpxrlkga5w3s3j5si61k06cml3savykq", "fields": {"session_data": ".eJxVjbEOwyAQQ_-FuUIJHOLo2L3fgDgOStqKSCGZov57iZSh3Sz72d6FD9ta_NbS4icWV-HE5dejEF-pHgE_Q33MMs51XSaSByLPtMn7zOl9O9m_gRJa6e2RUYNFHUE7xQjZRAcICYwiRa4LzhaSyTpnAqcRCILlgXAYU78Rny_P4jft:1ujuOe:qmqH3wNAI-VGMxaQboGu9NOg5veCdGwuMYfHxbStOAc", "expire_date": "2025-08-21T06:46:40.286Z"}}, {"model": "sessions.session", "pk": "cg9i73m2109j8yvyqshp9tah6kvx6ixh", "fields": {"session_data": ".eJxVjEEOgjAQRe_StWlaGTqDS_ecgUyng6CmTSisjHdXEha6_e-9_zIDb-s0bFWXYU7mYjpz-t0iy0PzDtKd861YKXld5mh3xR602r4kfV4P9-9g4jp9a08eXQpEiiO44ACdiyBIoUHQsYsi6IgZcCQvoK1Q6_EchFmbpk3m_QG_JzdU:1uhaHw:eL-vrNWwAV8AxyYTUJqE-iEmOg5CC-ANRkzMJHnhwJw", "expire_date": "2025-08-14T20:54:08.338Z"}}, {"model": "sessions.session", "pk": "cq4i1eng9rdzrknc2xp3210ndb3vok15", "fields": {"session_data": ".eJxVjDsOwyAQBe9CHSE-BkPK9D4DWlg2OIlAMnYV5e6xJRdJ-2bmvVmAbS1h63kJM7Ir8-zyu0VIz1wPgA-o98ZTq-syR34o_KSdTw3z63a6fwcFetlrR2it9EaqnAC1jNJbR1aQcMohGmO1dKR3SCMZTFpYGMDrQRklcxrZ5wvgczex:1ukO8Q:jxcxVxK5HMGabLDxuF-qEoZoYOcgfJDIFtXNNc1ml3s", "expire_date": "2025-08-22T14:31:54.746Z"}}, {"model": "sessions.session", "pk": "h8gawel907zh46gk5wsrtri1fqc3awuq", "fields": {"session_data": ".eJxVjEEOwiAQRe_C2pAOhQIu3XsGwjCDVA0kpV0Z765NutDtf-_9lwhxW0vYOi9hJnEWXpx-N4zpwXUHdI_11mRqdV1mlLsiD9rltRE_L4f7d1BiL99aWWCbRyRmCwjRqzwhOee8y9lak0jpASYCYNQajIJoxsGNCTMbr5N4fwDvxzfg:1v1igt:4o1N4HIHjYxuyfJ1lBKha1KzoXhthiuEk5vMiRIrLaE", "expire_date": "2025-10-09T09:55:07.049Z"}}, {"model": "sessions.session", "pk": "m5ihumkj2t5srh9p6flpy5ll8pd45r6e", "fields": {"session_data": ".eJxVjM0OwiAQhN-FsyGsUH48evcZyLJspWogKe3J-O62SQ86x_m-mbeIuC4lrp3nOGVxEQCDOP22CenJdUf5gfXeJLW6zFOSuyIP2uWtZX5dD_fvoGAv23qEMzs2yQOTYx9U2kJBZdQBtALtrdE-Mw-Y0DpygSHYMBpi48kn8fkCQ8042w:1vAwa1:VJUSx2HfgJtE8KOSKLaeQYHqDpjCoi9HNUjEsw9VRHI", "expire_date": "2025-11-03T20:34:09.573Z"}}, {"model": "sessions.session", "pk": "mldo70nenlyvd9lgrhvgew94c9zro7v7", "fields": {"session_data": ".eJxVjDsOwyAQBe9CHSG-i0mZ3mdAC4uDkwgkY1dR7h5bcpG0M_PemwXc1hK2npcwE7syxS6_LGJ65noIemC9N55aXZc58iPhp-18bJRft7P9OyjYy74GsmA8uQFBWEUojZRgNQ7R7EBP2lOWCoQ2yTiYSBnlNVohUQkHKbHPF68hNnI:1uSXvB:0p8C5pjMNDZp04bL2iRnE-tWO29sKiFT3x-z3KFVlPY", "expire_date": "2025-07-04T09:20:29.211Z"}}, {"model": "sessions.session", "pk": "ocgzmoioe1d4o6zgjtmvflktthd0iq8u", "fields": {"session_data": ".eJxVjDsOwyAQBe9CHSG-i0mZ3mdAC4uDkwgkY1dR7h5bcpG0M_PemwXc1hK2npcwE7syxS6_LGJ65noIemC9N55aXZc58iPhp-18bJRft7P9OyjYy74GsmA8uQFBWEUojZRgNQ7R7EBP2lOWCoQ2yTiYSBnlNVohUQkHKbHPF68hNnI:1uSXyk:vGWT_g98_g-Aw27spvYLZdzCMH-auWe-Y3H-FDI-n70", "expire_date": "2025-07-04T09:24:10.498Z"}}, {"model": "sessions.session", "pk": "pirhlxa5pbxxpccspbgbqw1i9umfcbe8", "fields": {"session_data": ".eJxVjEEOwiAQRe_C2hAm1IFx6d4zkAGmUjWQlHbVeHdt0oVu_3vvbyrwupSwdpnDlNVFkTr9bpHTU-oO8oPrvenU6jJPUe-KPmjXt5bldT3cv4PCvXxrwz5HZksJjIezJStGUkxiE8sIxEw4oPNkHI2DFYcRvSAgZHAOQb0_-Ls3tQ:1uSYBX:4uWvFX9Rgb-OTKc6OKSIpVDLkxmFgE31MEAhMhs2Lec", "expire_date": "2025-07-04T09:37:23.896Z"}}, {"model": "sessions.session", "pk": "qdgx9forevt3ykpra6p9idx2m1ltpz8t", "fields": {"session_data": ".eJxVjMsOwiAQRf-FtSEMj0Fcuu83kIEhUjWQlHZl_Hdt0oVu7znnvkSkba1xG2WJM4uLCOL0uyXKj9J2wHdqty5zb-syJ7kr8qBDTp3L83q4fweVRv3Wio0LJmiHyhoLSWsqyIgJswVvmZV2EJL1DtjnMzskb7XXAFwUZBTvD6ziNnk:1ub299:qvBe6UH07bF9VI5n31iHISBb7xLx5yV1LyzEHObZWkg", "expire_date": "2025-07-27T19:13:59.053Z"}}, {"model": "sessions.session", "pk": "seuw8ttcx0kucil6df738s6uusjazwn5", "fields": {"session_data": ".eJxVjDsOwyAQBe9CHSG-i0mZ3mdAC4uDkwgkY1dR7h5bcpG0M_PemwXc1hK2npcwE7syxS6_LGJ65noIemC9N55aXZc58iPhp-18bJRft7P9OyjYy74GsmA8uQFBWEUojZRgNQ7R7EBP2lOWCoQ2yTiYSBnlNVohUQkHKbHPF68hNnI:1uSXvq:-Ct2kla7NPWFZCwNjcEX3oSwdagMQnQp0Ftb3nzP2vc", "expire_date": "2025-07-04T09:21:10.887Z"}}, {"model": "sessions.session", "pk": "t8enljldlj5imoczil8aiyvx9tt9hlox", "fields": {"session_data": ".eJxVjDsOwyAQBe9CHSG-i0mZ3mdAC4uDkwgkY1dR7h5bcpG0M_PemwXc1hK2npcwE7syxS6_LGJ65noIemC9N55aXZc58iPhp-18bJRft7P9OyjYy74GsmA8uQFBWEUojZRgNQ7R7EBP2lOWCoQ2yTiYSBnlNVohUQkHKbHPF68hNnI:1uSZAQ:FWw9QzT68I52RJ4Gxi-tZnwTzQF6XlePZcPUrqGCZkI", "expire_date": "2025-07-04T10:40:18.253Z"}}, {"model": "sessions.session", "pk": "tl9kyhoimzzn3jmcjgrzzj94de5gg2rl", "fields": {"session_data": ".eJxVjDsOwyAQRO9CHSG8YD4p0_sMaFkgOIlAMnYV5e6xJRdJNdK8N_NmHre1-K2nxc-RXZljl98uID1TPUB8YL03Tq2uyxz4ofCTdj61mF630_07KNjLvraDs1ZmGClLciZHBcoZE2UiBaQpDCJlZSAqykbBnohakE5iBG1Jss8X32E3tg:1unkKw:ZePBpTlAOe8cdbcyqgvxzwZq66Rh6-7Q1uVDCjFcZtA", "expire_date": "2025-08-31T20:50:42.350Z"}}, {"model": "sessions.session", "pk": "v1mneovb661pw9wpm9lsmgoj8c9jm03v", "fields": {"session_data": ".eJxVjDsOwjAQBe_iGln4b1PScwZr17vgALKlOKkQd4dIKaB9M_NeIsO61LwOnvNE4iSSOPxuCOXBbQN0h3brsvS2zBPKTZE7HfLSiZ_n3f07qDDqt1YaUyQVDSbnA2lvYrTOsoYSjgY0k0dW4IylEuiKJrIBh0En8iFZK94f0QU3iQ:1uos6d:mbR2bT20qAept6vw62U6CINKyu3k2DOpd_-IL4IV0GQ", "expire_date": "2025-09-03T23:20:35.501Z"}}, {"model": "sessions.session", "pk": "v77giulfpe9s5xq3dnt8v4qps9r1c7l0", "fields": {"session_data": ".eJxVjDsOwyAQBe9CHSG-i0mZ3mdAC4uDkwgkY1dR7h5bcpG0M_PemwXc1hK2npcwE7syxS6_LGJ65noIemC9N55aXZc58iPhp-18bJRft7P9OyjYy74GsmA8uQFBWEUojZRgNQ7R7EBP2lOWCoQ2yTiYSBnlNVohUQkHKbHPF68hNnI:1uSXxl:x0-E0b_0vVRvdtjFlAzm1z0jDOCSrOZ3YQknZA7q75c", "expire_date": "2025-07-04T09:23:09.367Z"}}, {"model": "sessions.session", "pk": "vgcthal0axo8zgwqce7fywz6uzlt3lgz", "fields": {"session_data": ".eJxVjDsOwjAQBe_iGln4b1PScwZr17vgALKlOKkQd4dIKaB9M_NeIsO61LwOnvNE4iSSOPxuCOXBbQN0h3brsvS2zBPKTZE7HfLSiZ_n3f07qDDqt1YaUyQVDSbnA2lvYrTOsoYSjgY0k0dW4IylEuiKJrIBh0En8iFZK94f0QU3iQ:1uzK3J:oUsFqTDdJ0khaeeTX81BPCaFf3LaAyJO84RK8CjLCgU", "expire_date": "2025-10-02T19:12:21.448Z"}}, {"model": "sessions.session", "pk": "w0v4fdog0lsvuvwkdpkngpt98b4i8954", "fields": {"session_data": ".eJxVjEEOwiAQRe_C2hAm1IFx6d4zkAGmUjWQlHbVeHdt0oVu_3vvbyrwupSwdpnDlNVFkTr9bpHTU-oO8oPrvenU6jJPUe-KPmjXt5bldT3cv4PCvXxrwz5HZksJjIezJStGUkxiE8sIxEw4oPNkHI2DFYcRvSAgZHAOQb0_-Ls3tQ:1uW8wY:VYNoKzizbr2zngE1bkwM89oVHrDlb3U9lFvIwjhY6dM", "expire_date": "2025-07-14T07:28:46.031Z"}}, {"model": "sessions.session", "pk": "w4ajo606cvomvu0jz3ztwxm53i6o0elt", "fields": {"session_data": ".eJxVjEEOwiAQRe_C2hAm1IFx6d4zkAGmUjWQlHbVeHdt0oVu_3vvbyrwupSwdpnDlNVFkTr9bpHTU-oO8oPrvenU6jJPUe-KPmjXt5bldT3cv4PCvXxrwz5HZksJjIezJStGUkxiE8sIxEw4oPNkHI2DFYcRvSAgZHAOQb0_-Ls3tQ:1ugLFV:5Xok3fr5TnOcQUIdomz2EjKq3HhybIJxcZX4N62fuQU", "expire_date": "2025-08-11T10:38:29.828Z"}}, {"model": "sessions.session", "pk": "wuti07lt4o9avo5yp80zdy5vayb7yao6", "fields": {"session_data": ".eJxVjEsOAiEQBe_C2hBggKFduvcMpJsGGTWQzGdlvLtOMgvdvqp6LxFxW2vcljzHicVZgDj9boTpkdsO-I7t1mXqbZ0nkrsiD7rIa-f8vBzu30HFpX5rV4LziUckQgigckkeDFoFpoQRBotMg7ZUXNEIpAwWhdoFtgMEYi_eH_rtOEQ:1unhKk:IuIi9orSHvomlQcvnnBPNC3xkLvnYyewBV_r-98NdMA", "expire_date": "2025-08-31T17:38:18.969Z"}}, {"model": "sessions.session", "pk": "xfl2gceoyynmkun93zm2z2vpd25aurbx", "fields": {"session_data": ".eJxVjDsOwyAQBe9CHSG-i0mZ3mdAC4uDkwgkY1dR7h5bcpG0M_PemwXc1hK2npcwE7syxS6_LGJ65noIemC9N55aXZc58iPhp-18bJRft7P9OyjYy74GsmA8uQFBWEUojZRgNQ7R7EBP2lOWCoQ2yTiYSBnlNVohUQkHKbHPF68hNnI:1uSXub:s7J-PJNHMzBORhrnStfnHgqhAwTq15ad5H3CGzy-Cv8", "expire_date": "2025-07-04T09:19:53.561Z"}}, {"model": "sessions.session", "pk": "xqnaldruyxybqt5o0a0q6ln2bsxjahfw", "fields": {"session_data": ".eJxVjDsOwyAQBe9CHSG-i0mZ3mdAC4uDkwgkY1dR7h5bcpG0M_PemwXc1hK2npcwE7syxS6_LGJ65noIemC9N55aXZc58iPhp-18bJRft7P9OyjYy74GsmA8uQFBWEUojZRgNQ7R7EBP2lOWCoQ2yTiYSBnlNVohUQkHKbHPF68hNnI:1uSZFw:mRLhdReBArkH5A04qaT-Hu_QYiDvXKz7Y6OcNUkacY8", "expire_date": "2025-07-04T10:46:00.907Z"}}, {"model": "sessions.session", "pk": "y9cmyo0n8zgbaqpjg1524xroywuvn6ar", "fields": {"session_data": ".eJxVjEEOwiAQRe_C2hAm1IFx6d4zkAGmUjWQlHbVeHdt0oVu_3vvbyrwupSwdpnDlNVFkTr9bpHTU-oO8oPrvenU6jJPUe-KPmjXt5bldT3cv4PCvXxrwz5HZksJjIezJStGUkxiE8sIxEw4oPNkHI2DFYcRvSAgZHAOQb0_-Ls3tQ:1ucMAv:9LnriZNlBCtTre1evGmhEmDEKV7a-fU3taW7VgRv5nQ", "expire_date": "2025-07-31T10:49:17.528Z"}}, {"model": "sessions.session", "pk": "zn381usr1jltcr0oy0bl953kupvjghr5", "fields": {"session_data": ".eJxVjDsOwyAQBe9CHSG-i0mZ3mdAC4uDkwgkY1dR7h5bcpG0M_PemwXc1hK2npcwE7syxS6_LGJ65noIemC9N55aXZc58iPhp-18bJRft7P9OyjYy74GsmA8uQFBWEUojZRgNQ7R7EBP2lOWCoQ2yTiYSBnlNVohUQkHKbHPF68hNnI:1uSXws:3p8V9zzi7L1N4n7rZ6o6NrwI7LdF2N3KFx0g0sRoSdM", "expire_date": "2025-07-04T09:22:14.888Z"}}, {"model": "company.company", "pk": 1, "fields": {"official_name": "Karera Recycling", "vat_number": "SE123456789", "email": "company@karera.com", "sector": "recycling", "country": "Sweden", "website": "https://karera-recycling.com", "registration_date": "2025-06-04", "status": "approved", "stripe_account_id": "acct_1SAzBeBKMmkbsV4g", "stripe_capabilities_complete": true, "stripe_onboarding_complete": true, "payment_ready": true, "last_payment_check": "2025-10-16T10:53:13.255Z"}}, {"model": "company.company", "pk": 2, "fields": {"official_name": "EcoRecycle Solutions AB", "vat_number": "SE987654321", "email": "info@ecorecycle.se", "sector": "recycling", "country": "Sweden", "website": "https://ecorecycle.se", "registration_date": "2025-06-04", "status": "approved", "stripe_account_id": "acct_1SH0DvBIFbcAt9Sk", "stripe_capabilities_complete": true, "stripe_onboarding_complete": true, "payment_ready": true, "last_payment_check": "2025-10-11T10:48:17.509Z"}}, {"model": "company.company", "pk": 3, "fields": {"official_name": "PlastiCorp Industries", "vat_number": "SE456789123", "email": "contact@plasticorp.com", "sector": "manufacturing  & Production", "country": "Sweden", "website": "https://plasticorp.com", "registration_date": "2025-06-04", "status": "approved", "stripe_account_id": "", "stripe_capabilities_complete": false, "stripe_onboarding_complete": false, "payment_ready": false, "last_payment_check": null}}, {"model": "company.company", "pk": 4, "fields": {"official_name": "Green Materials Ltd", "vat_number": "SE789123456", "email": "hello@greenmaterials.eu", "sector": "packaging", "country": "Sweden", "website": "https://greenmaterials.eu", "registration_date": "2025-06-04", "status": "approved", "stripe_account_id": "", "stripe_capabilities_complete": false, "stripe_onboarding_complete": false, "payment_ready": false, "last_payment_check": null}}, {"model": "company.company", "pk": 5, "fields": {"official_name": "NordicLoop", "vat_number": "SE123456789001", "email": "info@nordicloop.com", "sector": "recycling", "country": "Sweden", "website": "https://www.nordicloop.com", "registration_date": "2025-06-08", "status": "approved", "stripe_account_id": "acct_1SDs0rBLZFClJMlW", "stripe_capabilities_complete": true, "stripe_onboarding_complete": true, "payment_ready": true, "last_payment_check": "2025-10-11T10:17:22.035Z"}}, {"model": "company.company", "pk": 6, "fields": {"official_name": "Nordic Loop", "vat_number": "SE556123456789", "email": "hello@nordicloop.se", "sector": "recycling", "country": "Sweden", "website": "https://nordicloop.se", "registration_date": "2025-06-16", "status": "approved", "stripe_account_id": "acct_1SBBj5Bc6vPWUdW8", "stripe_capabilities_complete": true, "stripe_onboarding_complete": true, "payment_ready": true, "last_payment_check": "2025-10-02T19:14:49.706Z"}}, {"model": "company.company", "pk": 7, "fields": {"official_name": "Atomler AB", "vat_number": "SE999999999999", "email": "hello@atomler.com", "sector": "construction", "country": "Sweden", "website": "www.atomler.se", "registration_date": "2025-06-17", "status": "approved", "stripe_account_id": "", "stripe_capabilities_complete": false, "stripe_onboarding_complete": false, "payment_ready": false, "last_payment_check": null}}, {"model": "company.company", "pk": 8, "fields": {"official_name": "San Pellegrino AB", "vat_number": "SE999999999998", "email": "sanpellegrino@aiuto.it", "sector": "manufacturing", "country": "Sweden", "website": "sanpellegrino.it", "registration_date": "2025-06-18", "status": "approved", "stripe_account_id": "", "stripe_capabilities_complete": false, "stripe_onboarding_complete": false, "payment_ready": false, "last_payment_check": null}}, {"model": "company.company", "pk": 10, "fields": {"official_name": "Bahumit AB", "vat_number": "SE999999999996", "email": "info@bahumit.se", "sector": "manufacturing", "country": "Sweden", "website": "bahumit.se", "registration_date": "2025-06-23", "status": "approved", "stripe_account_id": "", "stripe_capabilities_complete": false, "stripe_onboarding_complete": false, "payment_ready": false, "last_payment_check": null}}, {"model": "company.company", "pk": 13, "fields": {"official_name": "Mod:Group", "vat_number": "5569737199", "email": "ida.eriksson@modgroup.se", "sector": "construction", "country": "Sweden", "website": "https://www.modgroup.se/", "registration_date": "2025-06-30", "status": "approved", "stripe_account_id": "", "stripe_capabilities_complete": false, "stripe_onboarding_complete": false, "payment_ready": false, "last_payment_check": null}}, {"model": "company.company", "pk": 14, "fields": {"official_name": "Test Company", "vat_number": "TEST12345", "email": "test@company.com", "sector": "manufacturing  & Production", "country": "Sweden", "website": "http://example.com", "registration_date": "2025-07-06", "status": "approved", "stripe_account_id": "", "stripe_capabilities_complete": false, "stripe_onboarding_complete": false, "payment_ready": false, "last_payment_check": null}}, {"model": "company.company", "pk": 16, "fields": {"official_name": "Test Company Ltd", "vat_number": "12345678", "email": "test@testcompany.com", "sector": "manufacturing  & Production", "country": "Test Country", "website": "http://testcompany.com", "registration_date": "2025-07-27", "status": "approved", "stripe_account_id": "", "stripe_capabilities_complete": false, "stripe_onboarding_complete": false, "payment_ready": false, "last_payment_check": null}}, {"model": "company.company", "pk": 17, "fields": {"official_name": "Test Company Free", "vat_number": "VAT000001", "email": "company1@test.com", "sector": "manufacturing  & Production", "country": "Sweden", "website": "http://company1.test.com", "registration_date": "2025-07-27", "status": "approved", "stripe_account_id": "", "stripe_capabilities_complete": false, "stripe_onboarding_complete": false, "payment_ready": false, "last_payment_check": null}}, {"model": "company.company", "pk": 18, "fields": {"official_name": "Test Company Standard", "vat_number": "VAT000002", "email": "company2@test.com", "sector": "manufacturing  & Production", "country": "Sweden", "website": "http://company2.test.com", "registration_date": "2025-07-27", "status": "approved", "stripe_account_id": "", "stripe_capabilities_complete": false, "stripe_onboarding_complete": false, "payment_ready": false, "last_payment_check": null}}, {"model": "company.company", "pk": 19, "fields": {"official_name": "Test Company Premium", "vat_number": "VAT000003", "email": "company3@test.com", "sector": "manufacturing  & Production", "country": "Sweden", "website": "http://company3.test.com", "registration_date": "2025-07-27", "status": "approved", "stripe_account_id": "", "stripe_capabilities_complete": false, "stripe_onboarding_complete": false, "payment_ready": false, "last_payment_check": null}}, {"model": "company.company", "pk": 20, "fields": {"official_name": "Test Registration Company", "vat_number": "REG123456789", "email": "registration@test.com", "sector": "manufacturing  & Production", "country": "Sweden", "website": "https://test.com", "registration_date": "2025-07-28", "status": "approved", "stripe_account_id": "", "stripe_capabilities_complete": false, "stripe_onboarding_complete": false, "payment_ready": false, "last_payment_check": null}}, {"model": "company.company", "pk": 21, "fields": {"official_name": "Direct Test Company", "vat_number": "DIRECT123456", "email": "direct@test.com", "sector": "manufacturing  & Production", "country": "Sweden", "website": "https://directtest.com", "registration_date": "2025-07-28", "status": "approved", "stripe_account_id": "", "stripe_capabilities_complete": false, "stripe_onboarding_complete": false, "payment_ready": false, "last_payment_check": null}}, {"model": "company.company", "pk": 22, "fields": {"official_name": "Frontend Test Company", "vat_number": "FRONTEND123456", "email": "frontend@test.com", "sector": "manufacturing  & Production", "country": "Sweden", "website": "https://frontendtest.com", "registration_date": "2025-07-28", "status": "approved", "stripe_account_id": "", "stripe_capabilities_complete": false, "stripe_onboarding_complete": false, "payment_ready": false, "last_payment_check": null}}, {"model": "company.company", "pk": 23, "fields": {"official_name": "Final Test Company", "vat_number": "FINAL123456", "email": "final@test.com", "sector": "manufacturing  & Production", "country": "Sweden", "website": "http://example.com", "registration_date": "2025-07-28", "status": "approved", "stripe_account_id": "", "stripe_capabilities_complete": false, "stripe_onboarding_complete": false, "payment_ready": false, "last_payment_check": null}}, {"model": "company.company", "pk": 24, "fields": {"official_name": "Test Curl Company", "vat_number": "CURL123456789", "email": "curl@test.com", "sector": "manufacturing  & Production", "country": "Sweden", "website": "https://curltest.com", "registration_date": "2025-07-28", "status": "approved", "stripe_account_id": "", "stripe_capabilities_complete": false, "stripe_onboarding_complete": false, "payment_ready": false, "last_payment_check": null}}, {"model": "company.company", "pk": 25, "fields": {"official_name": "Test Registration Company", "vat_number": "TEST987654321", "email": "testregistration@test.com", "sector": "manufacturing  & Production", "country": "Sweden", "website": "https://testregistration.com", "registration_date": "2025-07-28", "status": "approved", "stripe_account_id": "", "stripe_capabilities_complete": false, "stripe_onboarding_complete": false, "payment_ready": false, "last_payment_check": null}}, {"model": "company.company", "pk": 26, "fields": {"official_name": "Python Test Company", "vat_number": "PYTHON123456", "email": "python@test.com", "sector": "manufacturing  & Production", "country": "Sweden", "website": "https://pythontest.com", "registration_date": "2025-07-28", "status": "approved", "stripe_account_id": "", "stripe_capabilities_complete": false, "stripe_onboarding_complete": false, "payment_ready": false, "last_payment_check": null}}, {"model": "company.company", "pk": 28, "fields": {"official_name": "Simple Test", "vat_number": "SIMPLE123", "email": "simple@test.com", "sector": "manufacturing  & Production", "country": "Sweden", "website": "http://example.com", "registration_date": "2025-07-28", "status": "approved", "stripe_account_id": "", "stripe_capabilities_complete": false, "stripe_onboarding_complete": false, "payment_ready": false, "last_payment_check": null}}, {"model": "company.company", "pk": 29, "fields": {"official_name": "Duplicate Test Company", "vat_number": "DUPLICATE123", "email": "duplicate@test.com", "sector": "manufacturing  & Production", "country": "Sweden", "website": "http://example.com", "registration_date": "2025-07-28", "status": "approved", "stripe_account_id": "", "stripe_capabilities_complete": false, "stripe_onboarding_complete": false, "payment_ready": false, "last_payment_check": null}}, {"model": "company.company", "pk": 30, "fields": {"official_name": "Unique Test Company", "vat_number": "UNIQUE999", "email": "unique999@test.com", "sector": "manufacturing  & Production", "country": "Sweden", "website": "https://unique999.com", "registration_date": "2025-07-28", "status": "approved", "stripe_account_id": "", "stripe_capabilities_complete": false, "stripe_onboarding_complete": false, "payment_ready": false, "last_payment_check": null}}, {"model": "company.company", "pk": 31, "fields": {"official_name": "Forbes and Rice Inc", "vat_number": "894123456", "email": "olivierkarera2020@gmail.com", "sector": "broker", "country": "Sweden", "website": "https://www.mobaweqibaqequh.com", "registration_date": "2025-07-28", "status": "approved", "stripe_account_id": "", "stripe_capabilities_complete": false, "stripe_onboarding_complete": false, "payment_ready": false, "last_payment_check": null}}, {"model": "company.company", "pk": 32, "fields": {"official_name": "Signup Test Company", "vat_number": "SIGNUP123", "email": "signuptest@test.com", "sector": "manufacturing  & Production", "country": "Sweden", "website": "https://signuptest.com", "registration_date": "2025-07-28", "status": "approved", "stripe_account_id": "", "stripe_capabilities_complete": false, "stripe_onboarding_complete": false, "payment_ready": false, "last_payment_check": null}}, {"model": "company.company", "pk": 33, "fields": {"official_name": "Complete Flow Test", "vat_number": "FLOW123", "email": "flowtest@test.com", "sector": "manufacturing  & Production", "country": "Sweden", "website": "https://flowtest.com", "registration_date": "2025-07-28", "status": "approved", "stripe_account_id": "", "stripe_capabilities_complete": false, "stripe_onboarding_complete": false, "payment_ready": false, "last_payment_check": null}}, {"model": "company.company", "pk": 34, "fields": {"official_name": "Green and Mcpherson Co", "vat_number": "894", "email": "olivier@gmail.com", "sector": "broker", "country": "Sweden", "website": "https://www.symu.in", "registration_date": "2025-07-28", "status": "pending", "stripe_account_id": "", "stripe_capabilities_complete": false, "stripe_onboarding_complete": false, "payment_ready": false, "last_payment_check": null}}, {"model": "company.company", "pk": 35, "fields": {"official_name": "Forbes and Rice Inc", "vat_number": "123457", "email": "forbes@gmail.com", "sector": "broker", "country": "Sweden", "website": "https://www.wyfebuvedovevef.ws", "registration_date": "2025-07-31", "status": "pending", "stripe_account_id": "", "stripe_capabilities_complete": false, "stripe_onboarding_complete": false, "payment_ready": false, "last_payment_check": null}}, {"model": "company.company", "pk": 43, "fields": {"official_name": "Test Company Fix", "vat_number": "TEST1757272150", "email": "test1757272150@testcompany.com", "sector": "manufacturing", "country": "Sweden", "website": "testcompany.com", "registration_date": "2025-09-07", "status": "pending", "stripe_account_id": "", "stripe_capabilities_complete": false, "stripe_onboarding_complete": false, "payment_ready": false, "last_payment_check": null}}, {"model": "company.company", "pk": 44, "fields": {"official_name": "Test", "vat_number": "12345", "email": "test@gmail.com", "sector": "construction", "country": "Sweden", "website": "test.com", "registration_date": "2025-09-07", "status": "pending", "stripe_account_id": "", "stripe_capabilities_complete": false, "stripe_onboarding_complete": false, "payment_ready": false, "last_payment_check": null}}, {"model": "company.company", "pk": 54, "fields": {"official_name": "Test Company 1 1757273394", "vat_number": "TEST0011757273394", "email": "company11757273394@test.com", "sector": "manufacturing", "country": "Sweden", "website": "http://example.com", "registration_date": "2025-09-07", "status": "approved", "stripe_account_id": "", "stripe_capabilities_complete": false, "stripe_onboarding_complete": false, "payment_ready": false, "last_payment_check": null}}, {"model": "company.company", "pk": 55, "fields": {"official_name": "Test Company 2 1757273394", "vat_number": "TEST0021757273394", "email": "company21757273394@test.com", "sector": "manufacturing", "country": "Sweden", "website": "http://example.com", "registration_date": "2025-09-07", "status": "approved", "stripe_account_id": "", "stripe_capabilities_complete": false, "stripe_onboarding_complete": false, "payment_ready": false, "last_payment_check": null}}, {"model": "company.company", "pk": 56, "fields": {"official_name": "Gustafson", "vat_number": "123456-7890", "email": "Gustafson@example.se", "sector": "construction", "country": "Sweden", "website": "http://example.com", "registration_date": "2025-09-25", "status": "approved", "stripe_account_id": "acct_1SCRa3BSevwkjDfZ", "stripe_capabilities_complete": true, "stripe_onboarding_complete": true, "payment_ready": true, "last_payment_check": "2025-09-28T20:56:43.072Z"}}, {"model": "company.company", "pk": 57, "fields": {"official_name": "Wise Ryan Associates", "vat_number": "400", "email": "hevimamy@mailinator.com", "sector": "energy", "country": "Sweden", "website": "https://www.gisopipifycof.co", "registration_date": "2025-10-01", "status": "pending", "stripe_account_id": null, "stripe_capabilities_complete": false, "stripe_onboarding_complete": false, "payment_ready": false, "last_payment_check": null}}, {"model": "company.company", "pk": 58, "fields": {"official_name": "Green and Mcpherson Co", "vat_number": "fjf994", "email": "olivierkarera2021@gmail.com", "sector": "retail", "country": "Sweden", "website": "https://karera-recycling.com", "registration_date": "2025-10-02", "status": "approved", "stripe_account_id": "acct_1SDr3yBuQfX9Vumz", "stripe_capabilities_complete": false, "stripe_onboarding_complete": false, "payment_ready": false, "last_payment_check": null}}, {"model": "company.company", "pk": 59, "fields": {"official_name": "Chavez Nguyen Traders", "vat_number": "2909", "email": "chavez@gmail.com", "sector": "retail", "country": "Sweden", "website": "https://www.mejeqijexoqoku.com", "registration_date": "2025-10-02", "status": "approved", "stripe_account_id": "acct_1SDrtCBep7C0TxiG", "stripe_capabilities_complete": false, "stripe_onboarding_complete": false, "payment_ready": false, "last_payment_check": null}}, {"model": "users.user", "pk": 2, "fields": {"password": "pbkdf2_sha256$1000000$SMi78VmM0abwmJ5iSqmDBw$EechT8gi7F7XqNMN5HviWpZ6rhXxr4GTpxDyQr80OLQ=", "last_login": "2025-06-20T10:46:00.600Z", "is_superuser": true, "username": "admin", "first_name": "", "last_name": "", "email": "admin@nordicloop.com", "is_staff": true, "is_active": true, "date_joined": "2025-06-04T19:13:50.114Z", "name": "Admin User", "company": null, "can_place_ads": false, "can_place_bids": false, "role": "staff", "is_primary_contact": false, "contact_type": "regular", "position": null, "bank_country": "US", "bank_currency": "USD", "bank_account_holder": null, "bank_account_number": null, "bank_routing_number": null, "payout_frequency": "monthly", "payout_method": "bank_transfer", "groups": [], "user_permissions": []}}, {"model": "users.user", "pk": 3, "fields": {"password": "pbkdf2_sha256$1000000$3fFaCTdxAOjs6hdGYAw5tH$tKYjrfT4v+UzuM9XPGORWTuHjRI1ujmutNVSZSgK7gM=", "last_login": null, "is_superuser": false, "username": "mariaandersson", "first_name": "Maria", "last_name": "Andersson", "email": "maria@ecorecycle.se", "is_staff": false, "is_active": true, "date_joined": "2025-06-04T19:44:00.161Z", "name": "Maria Andersson", "company": 2, "can_place_ads": false, "can_place_bids": false, "role": "Staff", "is_primary_contact": true, "contact_type": "primary", "position": "Manager", "bank_country": "US", "bank_currency": "USD", "bank_account_holder": null, "bank_account_number": null, "bank_routing_number": null, "payout_frequency": "monthly", "payout_method": "bank_transfer", "groups": [], "user_permissions": []}}, {"model": "users.user", "pk": 4, "fields": {"password": "pbkdf2_sha256$1000000$t33VxAOojDJNyMDiU65Alc$OM6CN82S8X+7v/fiy+HosLs+F0ID+lLivNZoVgpAwi4=", "last_login": null, "is_superuser": false, "username": "eriklundberg", "first_name": "Erik", "last_name": "Lundberg", "email": "erik@plasticorp.com", "is_staff": false, "is_active": true, "date_joined": "2025-06-04T19:44:00.635Z", "name": "Erik Lundberg", "company": 3, "can_place_ads": false, "can_place_bids": false, "role": "Staff", "is_primary_contact": true, "contact_type": "primary", "position": "Manager", "bank_country": "US", "bank_currency": "USD", "bank_account_holder": null, "bank_account_number": null, "bank_routing_number": null, "payout_frequency": "monthly", "payout_method": "bank_transfer", "groups": [], "user_permissions": []}}, {"model": "users.user", "pk": 5, "fields": {"password": "pbkdf2_sha256$1000000$m0qu0QH6iH8n1m2l2Sb5g9$cOPpZ1+zc+Y4U+o2pKOcsuW57zQ6USH0EjpVJ9W6sd8=", "last_login": null, "is_superuser": false, "username": "annapettersson", "first_name": "Anna", "last_name": "Pettersson", "email": "anna@greenmaterials.eu", "is_staff": false, "is_active": true, "date_joined": "2025-06-04T19:44:01.055Z", "name": "Anna Pettersson", "company": 4, "can_place_ads": false, "can_place_bids": false, "role": "Staff", "is_primary_contact": true, "contact_type": "primary", "position": "Manager", "bank_country": "US", "bank_currency": "USD", "bank_account_holder": null, "bank_account_number": null, "bank_routing_number": null, "payout_frequency": "monthly", "payout_method": "bank_transfer", "groups": [], "user_permissions": []}}, {"model": "users.user", "pk": 6, "fields": {"password": "pbkdf2_sha256$1000000$Zue0Vg18MCCyh4RVaWeoYd$XYkMaEeviYFXqB+8fERiUkJUqDkDcF7B/W+u8FQ5Aus=", "last_login": null, "is_superuser": false, "username": "john_seller", "first_name": "", "last_name": "", "email": "john@seller.com", "is_staff": false, "is_active": true, "date_joined": "2025-06-06T11:14:49.799Z", "name": null, "company": null, "can_place_ads": false, "can_place_bids": false, "role": "Staff", "is_primary_contact": false, "contact_type": "regular", "position": null, "bank_country": "US", "bank_currency": "USD", "bank_account_holder": null, "bank_account_number": null, "bank_routing_number": null, "payout_frequency": "monthly", "payout_method": "bank_transfer", "groups": [], "user_permissions": []}}, {"model": "users.user", "pk": 7, "fields": {"password": "pbkdf2_sha256$1000000$lifN9jXyMZiWg2lZLLASiX$3pzxga4+5nBpRfGaFZRGPO68sKMSrslYtfygdgpPNLg=", "last_login": null, "is_superuser": false, "username": "jane_buyer", "first_name": "", "last_name": "", "email": "jane@buyer.com", "is_staff": false, "is_active": true, "date_joined": "2025-06-06T11:14:50.386Z", "name": null, "company": null, "can_place_ads": false, "can_place_bids": false, "role": "Staff", "is_primary_contact": false, "contact_type": "regular", "position": null, "bank_country": "US", "bank_currency": "USD", "bank_account_holder": null, "bank_account_number": null, "bank_routing_number": null, "payout_frequency": "monthly", "payout_method": "bank_transfer", "groups": [], "user_permissions": []}}, {"model": "users.user", "pk": 8, "fields": {"password": "pbkdf2_sha256$1000000$eTHDYdBGEl8BOGYB0V16pZ$DTopC5YTg0LQNzv4oY7XVqq2fK7vMMVj8qeeFK8Dr6E=", "last_login": null, "is_superuser": false, "username": "mike_buyer", "first_name": "", "last_name": "", "email": "mike@buyer.com", "is_staff": false, "is_active": true, "date_joined": "2025-06-06T11:14:50.969Z", "name": null, "company": null, "can_place_ads": false, "can_place_bids": false, "role": "Staff", "is_primary_contact": false, "contact_type": "regular", "position": null, "bank_country": "US", "bank_currency": "USD", "bank_account_holder": null, "bank_account_number": null, "bank_routing_number": null, "payout_frequency": "monthly", "payout_method": "bank_transfer", "groups": [], "user_permissions": []}}, {"model": "users.user", "pk": 9, "fields": {"password": "pbkdf2_sha256$1000000$jNb9V59WgRQeyviZga2XgY$UkFRs4bBjEtlJCKMdFC2vv9zoPjqeGdG+MWTV+oWxiI=", "last_login": "2025-09-25T09:55:07.047Z", "is_superuser": true, "username": "okarera", "first_name": "", "last_name": "", "email": "test@primary.com", "is_staff": true, "is_active": true, "date_joined": "2025-06-08T10:35:32.156Z", "name": null, "company": 14, "can_place_ads": true, "can_place_bids": true, "role": "Admin", "is_primary_contact": true, "contact_type": "primary", "position": "", "bank_country": "US", "bank_currency": "USD", "bank_account_holder": null, "bank_account_number": null, "bank_routing_number": null, "payout_frequency": "monthly", "payout_method": "bank_transfer", "groups": [], "user_permissions": []}}, {"model": "users.user", "pk": 10, "fields": {"password": "pbkdf2_sha256$1000000$us5lFgTiDlrTNNkijz0pre$OFvDJJUBl7VyJpp9DzEtM9fd/jLVq/vOHkvAfX6s7ac=", "last_login": null, "is_superuser": true, "username": "nickvalenti96@gmail.com", "first_name": "Nicola", "last_name": "Valenti", "email": "nickvalenti96@gmail.com", "is_staff": true, "is_active": true, "date_joined": "2025-06-08T19:36:24.092Z", "name": "Nicola Valenti", "company": 5, "can_place_ads": true, "can_place_bids": true, "role": "Admin", "is_primary_contact": true, "contact_type": "primary", "position": "CEO", "bank_country": "US", "bank_currency": "USD", "bank_account_holder": null, "bank_account_number": null, "bank_routing_number": null, "payout_frequency": "monthly", "payout_method": "bank_transfer", "groups": [], "user_permissions": []}}, {"model": "users.user", "pk": 11, "fields": {"password": "pbkdf2_sha256$1000000$clPTAPk1MtPM5hUO2RmJxQ$wXHxNlXwZxWgM0cU1Fzp+UGrU7pCcYfs167Ojt3RDxQ=", "last_login": null, "is_superuser": false, "username": "recycler1@example.com", "first_name": "Erik", "last_name": "Andersson", "email": "recycler1@example.com", "is_staff": false, "is_active": true, "date_joined": "2025-06-08T19:37:00.221Z", "name": "Erik Andersson", "company": null, "can_place_ads": false, "can_place_bids": true, "role": "Staff", "is_primary_contact": false, "contact_type": "regular", "position": null, "bank_country": "US", "bank_currency": "USD", "bank_account_holder": null, "bank_account_number": null, "bank_routing_number": null, "payout_frequency": "monthly", "payout_method": "bank_transfer", "groups": [], "user_permissions": []}}, {"model": "users.user", "pk": 12, "fields": {"password": "pbkdf2_sha256$1000000$N8IR7BJtBE9v4mt1cDgAZd$yrgJcE70gYj8FM313dxI1kcE/CKt8snFjNSdJPeB69I=", "last_login": null, "is_superuser": false, "username": "processor2@example.com", "first_name": "Anna", "last_name": "Larsson", "email": "processor2@example.com", "is_staff": false, "is_active": true, "date_joined": "2025-06-08T19:37:00.477Z", "name": "Anna Larsson", "company": null, "can_place_ads": false, "can_place_bids": true, "role": "Staff", "is_primary_contact": false, "contact_type": "regular", "position": null, "bank_country": "US", "bank_currency": "USD", "bank_account_holder": null, "bank_account_number": null, "bank_routing_number": null, "payout_frequency": "monthly", "payout_method": "bank_transfer", "groups": [], "user_permissions": []}}, {"model": "users.user", "pk": 13, "fields": {"password": "pbkdf2_sha256$1000000$DgwwATsWif2XeMv2lYRhZJ$SXk9tqowWXm09Eoqps8KazIhhrb1RQogZrl+GuS8Chk=", "last_login": null, "is_superuser": false, "username": "buyer3@example.com", "first_name": "Magnus", "last_name": "Nielsen", "email": "buyer3@example.com", "is_staff": false, "is_active": true, "date_joined": "2025-06-08T19:37:00.701Z", "name": "Magnus Nielsen", "company": null, "can_place_ads": false, "can_place_bids": true, "role": "Staff", "is_primary_contact": false, "contact_type": "regular", "position": null, "bank_country": "US", "bank_currency": "USD", "bank_account_holder": null, "bank_account_number": null, "bank_routing_number": null, "payout_frequency": "monthly", "payout_method": "bank_transfer", "groups": [], "user_permissions": []}}, {"model": "users.user", "pk": 14, "fields": {"password": "pbkdf2_sha256$1000000$IzNf4aIuPuH6qm3GNPZYPn$80jERGyvzNpF5iHJwkffF4YiReZneGMjli4V41hBmSM=", "last_login": null, "is_superuser": true, "username": "shayarahimian", "first_name": "Shaya", "last_name": "Rahimian", "email": "rahimianshaya@gmail.com", "is_staff": true, "is_active": true, "date_joined": "2025-06-16T11:17:25.848Z", "name": "Shaya Rahimian", "company": 6, "can_place_ads": true, "can_place_bids": true, "role": "Admin", "is_primary_contact": true, "contact_type": "primary", "position": "CEO & Founder", "bank_country": "US", "bank_currency": "USD", "bank_account_holder": null, "bank_account_number": null, "bank_routing_number": null, "payout_frequency": "monthly", "payout_method": "bank_transfer", "groups": [], "user_permissions": []}}, {"model": "users.user", "pk": 15, "fields": {"password": "pbkdf2_sha256$1000000$G6Fp5BLiE3Y6WulV263lOy$53YykYUxmwMc0zIkQlVUW8gfe0AvbicmdFWoFlQ6py4=", "last_login": null, "is_superuser": false, "username": "mario.rossi@atomler.se", "first_name": "Mario", "last_name": "Rossi", "email": "mario.rossi@atomler.se", "is_staff": false, "is_active": true, "date_joined": "2025-06-17T21:15:38.593Z", "name": "Mario Rossi", "company": 7, "can_place_ads": true, "can_place_bids": true, "role": "Staff", "is_primary_contact": true, "contact_type": "primary", "position": "EHS manager", "bank_country": "US", "bank_currency": "USD", "bank_account_holder": null, "bank_account_number": null, "bank_routing_number": null, "payout_frequency": "monthly", "payout_method": "bank_transfer", "groups": [], "user_permissions": []}}, {"model": "users.user", "pk": 16, "fields": {"password": "pbkdf2_sha256$1000000$w3oNrYxZlPBYFV1ByrBi1A$mPvPLTe+xtho9lPYQNpKnQjCSfck10yPzfeOFeHXebI=", "last_login": null, "is_superuser": false, "username": "gabriele@sanpellegrino.it", "first_name": "Gabriele", "last_name": "Belloni", "email": "gabriele@sanpellegrino.it", "is_staff": false, "is_active": true, "date_joined": "2025-06-18T08:09:58.188Z", "name": "Gabriele Belloni", "company": 8, "can_place_ads": true, "can_place_bids": true, "role": "Staff", "is_primary_contact": true, "contact_type": "primary", "position": "EHS Manager", "bank_country": "US", "bank_currency": "USD", "bank_account_holder": null, "bank_account_number": null, "bank_routing_number": null, "payout_frequency": "monthly", "payout_method": "bank_transfer", "groups": [], "user_permissions": []}}, {"model": "users.user", "pk": 17, "fields": {"password": "", "last_login": null, "is_superuser": false, "username": "erik_johansson", "first_name": "Erik", "last_name": "Johansson", "email": "erik@ecosolutions.se", "is_staff": false, "is_active": true, "date_joined": "2025-06-20T09:19:15.279Z", "name": null, "company": 5, "can_place_ads": false, "can_place_bids": false, "role": "Staff", "is_primary_contact": false, "contact_type": "regular", "position": null, "bank_country": "US", "bank_currency": "USD", "bank_account_holder": null, "bank_account_number": null, "bank_routing_number": null, "payout_frequency": "monthly", "payout_method": "bank_transfer", "groups": [], "user_permissions": []}}, {"model": "users.user", "pk": 19, "fields": {"password": "pbkdf2_sha256$1000000$jDaJOnZnfiMUKCXA9SKYbH$OkPQlbMrrvSAD2vCnSdAdFWsjGKEsOSdnSG7c0gzc7E=", "last_login": null, "is_superuser": false, "username": "john.smith@bahumit.se", "first_name": "John", "last_name": "Smith", "email": "john.smith@bahumit.se", "is_staff": false, "is_active": true, "date_joined": "2025-06-23T10:28:59.114Z", "name": "John Smith", "company": 10, "can_place_ads": true, "can_place_bids": true, "role": "Staff", "is_primary_contact": true, "contact_type": "primary", "position": "EHS Manager", "bank_country": "US", "bank_currency": "USD", "bank_account_holder": null, "bank_account_number": null, "bank_routing_number": null, "payout_frequency": "monthly", "payout_method": "bank_transfer", "groups": [], "user_permissions": []}}, {"model": "users.user", "pk": 23, "fields": {"password": "pbkdf2_sha256$1000000$ehrR8kpTwFeGjcue8HZNJZ$5+2rkn1mUvWQ3RT36wstZ9FWiaB6cJs5BSjcv4IpYec=", "last_login": null, "is_superuser": false, "username": "ida.eriksson@modgroup.se", "first_name": "Ida", "last_name": "Eriksson", "email": "ida.eriksson@modgroup.se", "is_staff": false, "is_active": true, "date_joined": "2025-06-30T09:04:15.832Z", "name": "Ida Eriksson", "company": 13, "can_place_ads": true, "can_place_bids": true, "role": "Staff", "is_primary_contact": true, "contact_type": "primary", "position": "Sustainability intern", "bank_country": "US", "bank_currency": "USD", "bank_account_holder": null, "bank_account_number": null, "bank_routing_number": null, "payout_frequency": "monthly", "payout_method": "bank_transfer", "groups": [], "user_permissions": []}}, {"model": "users.user", "pk": 24, "fields": {"password": "pbkdf2_sha256$1000000$2I45qtdOkmxUeQ6QjQt5Kr$HouYnJtVi9Bjf2enx7ZAwlXWPxTQiOQgkfxyANlGMD8=", "last_login": null, "is_superuser": false, "username": "adminuser", "first_name": "Alphonse", "last_name": "Sibomana", "email": "admin@nordicloop.com", "is_staff": false, "is_active": true, "date_joined": "2025-07-06T05:53:22.917Z", "name": "Alphonse Sibomana", "company": null, "can_place_ads": false, "can_place_bids": false, "role": "Admin", "is_primary_contact": false, "contact_type": "regular", "position": null, "bank_country": "US", "bank_currency": "USD", "bank_account_holder": null, "bank_account_number": null, "bank_routing_number": null, "payout_frequency": "monthly", "payout_method": "bank_transfer", "groups": [], "user_permissions": []}}, {"model": "users.user", "pk": 25, "fields": {"password": "pbkdf2_sha256$1000000$2fesceZGlRHIaFZiRhYZVX$OGXS5DnOyod9mhvebpbJrlCzzkwEKQo2LqCNvke1nX8=", "last_login": null, "is_superuser": false, "username": "user_test", "first_name": "Mark", "last_name": "Desentis", "email": "user@test.com", "is_staff": false, "is_active": true, "date_joined": "2025-07-14T02:16:41.447Z", "name": "Mark Desentis", "company": null, "can_place_ads": false, "can_place_bids": false, "role": "Staff", "is_primary_contact": false, "contact_type": "regular", "position": null, "bank_country": "US", "bank_currency": "USD", "bank_account_holder": null, "bank_account_number": null, "bank_routing_number": null, "payout_frequency": "monthly", "payout_method": "bank_transfer", "groups": [], "user_permissions": []}}, {"model": "users.user", "pk": 26, "fields": {"password": "pbkdf2_sha256$1000000$EaRA8tb9tK3e9EwtWJkV4A$ueOMe05ff58BgzhwGIaGmYjWU8Lt3rHAE/u7hKEAiks=", "last_login": null, "is_superuser": true, "username": "karera", "first_name": "Olivier", "last_name": "Karera", "email": "kareraol1@gmail.com", "is_staff": true, "is_active": true, "date_joined": "2025-07-17T09:36:29.312Z", "name": "Olivier Karera", "company": 1, "can_place_ads": true, "can_place_bids": true, "role": "Admin", "is_primary_contact": true, "contact_type": "primary", "position": "CEO", "bank_country": "US", "bank_currency": "USD", "bank_account_holder": null, "bank_account_number": null, "bank_routing_number": null, "payout_frequency": "monthly", "payout_method": "bank_transfer", "groups": [], "user_permissions": []}}, {"model": "users.user", "pk": 28, "fields": {"password": "pbkdf2_sha256$1000000$1OXan0RFNy64AO6zscDE5e$CISc72IMRX7sbFKntUlsXBkMhgPQKE8PA4sHVovQqeY=", "last_login": null, "is_superuser": false, "username": "testbidder", "first_name": "Test", "last_name": "Bidder", "email": "testbidder@example.com", "is_staff": false, "is_active": true, "date_joined": "2025-07-27T16:55:56.764Z", "name": null, "company": null, "can_place_ads": false, "can_place_bids": false, "role": "Staff", "is_primary_contact": false, "contact_type": "regular", "position": null, "bank_country": "US", "bank_currency": "USD", "bank_account_holder": null, "bank_account_number": null, "bank_routing_number": null, "payout_frequency": "monthly", "payout_method": "bank_transfer", "groups": [], "user_permissions": []}}, {"model": "users.user", "pk": 32, "fields": {"password": "pbkdf2_sha256$1000000$Ve1Vgzgj16Wa5v1MPLSsMo$BODXb5H6Xz6wIo5zEUFWO+Jz6pua3t3hCTXjdDx5Bo8=", "last_login": null, "is_superuser": false, "username": "companyuser", "first_name": "Company", "last_name": "User", "email": "company@testcompany.com", "is_staff": false, "is_active": true, "date_joined": "2025-07-27T20:19:40.668Z", "name": null, "company": 16, "can_place_ads": true, "can_place_bids": true, "role": "User", "is_primary_contact": false, "contact_type": "regular", "position": null, "bank_country": "US", "bank_currency": "USD", "bank_account_holder": null, "bank_account_number": null, "bank_routing_number": null, "payout_frequency": "monthly", "payout_method": "bank_transfer", "groups": [], "user_permissions": []}}, {"model": "users.user", "pk": 33, "fields": {"password": "pbkdf2_sha256$1000000$xoi45JQujVLmDNCiQJOgJL$oLqf2T6fYu1wDrpz8XGG5XtSoMGIYqsVuI+ArYxJZ34=", "last_login": null, "is_superuser": false, "username": "user_free_1", "first_name": "User1", "last_name": "Free", "email": "user_free_1@test.com", "is_staff": false, "is_active": true, "date_joined": "2025-07-27T23:05:49.989Z", "name": null, "company": 17, "can_place_ads": false, "can_place_bids": false, "role": "Staff", "is_primary_contact": false, "contact_type": "regular", "position": null, "bank_country": "US", "bank_currency": "USD", "bank_account_holder": null, "bank_account_number": null, "bank_routing_number": null, "payout_frequency": "monthly", "payout_method": "bank_transfer", "groups": [], "user_permissions": []}}, {"model": "users.user", "pk": 34, "fields": {"password": "pbkdf2_sha256$1000000$NS0yjUkqQbzQU24nfVyJBp$YsNoBtlcqGR/FN2U1pjZCiqvWCTyEnNVq79lVph1TcM=", "last_login": null, "is_superuser": false, "username": "user_free_2", "first_name": "User2", "last_name": "Free", "email": "user_free_2@test.com", "is_staff": false, "is_active": true, "date_joined": "2025-07-27T23:05:52.958Z", "name": null, "company": 17, "can_place_ads": false, "can_place_bids": false, "role": "Staff", "is_primary_contact": false, "contact_type": "regular", "position": null, "bank_country": "US", "bank_currency": "USD", "bank_account_holder": null, "bank_account_number": null, "bank_routing_number": null, "payout_frequency": "monthly", "payout_method": "bank_transfer", "groups": [], "user_permissions": []}}, {"model": "users.user", "pk": 35, "fields": {"password": "pbkdf2_sha256$1000000$QuZ1QrAeZ42bE7k0TQU9uW$ZtaWPiEo92LpkCn2794tx6xzQvMchenJczcIKFSwFKU=", "last_login": null, "is_superuser": false, "username": "user_standard_1", "first_name": "User1", "last_name": "Standard", "email": "user_standard_1@test.com", "is_staff": false, "is_active": true, "date_joined": "2025-07-27T23:06:00.228Z", "name": null, "company": 18, "can_place_ads": false, "can_place_bids": false, "role": "Staff", "is_primary_contact": false, "contact_type": "regular", "position": null, "bank_country": "US", "bank_currency": "USD", "bank_account_holder": null, "bank_account_number": null, "bank_routing_number": null, "payout_frequency": "monthly", "payout_method": "bank_transfer", "groups": [], "user_permissions": []}}, {"model": "users.user", "pk": 36, "fields": {"password": "pbkdf2_sha256$1000000$kE78zWUs7zvh5YsIxxRXYd$5hq5TSbk1/3QQkOTVER34t2qILMZl1FaXqZT0SeoimY=", "last_login": null, "is_superuser": false, "username": "user_standard_2", "first_name": "User2", "last_name": "Standard", "email": "user_standard_2@test.com", "is_staff": false, "is_active": true, "date_joined": "2025-07-27T23:06:03.198Z", "name": null, "company": 18, "can_place_ads": false, "can_place_bids": false, "role": "Staff", "is_primary_contact": false, "contact_type": "regular", "position": null, "bank_country": "US", "bank_currency": "USD", "bank_account_holder": null, "bank_account_number": null, "bank_routing_number": null, "payout_frequency": "monthly", "payout_method": "bank_transfer", "groups": [], "user_permissions": []}}, {"model": "users.user", "pk": 37, "fields": {"password": "pbkdf2_sha256$1000000$uzTcZP6ePKhwf1qaJkfE6l$nu8ZRdvu0dzJ9Vh1adPWwro1Y9+Apt6L1RgjMhMdmUw=", "last_login": null, "is_superuser": false, "username": "user_premium_1", "first_name": "User1", "last_name": "Premium", "email": "user_premium_1@test.com", "is_staff": false, "is_active": true, "date_joined": "2025-07-27T23:06:10.333Z", "name": null, "company": 19, "can_place_ads": false, "can_place_bids": false, "role": "Staff", "is_primary_contact": false, "contact_type": "regular", "position": null, "bank_country": "US", "bank_currency": "USD", "bank_account_holder": null, "bank_account_number": null, "bank_routing_number": null, "payout_frequency": "monthly", "payout_method": "bank_transfer", "groups": [], "user_permissions": []}}, {"model": "users.user", "pk": 38, "fields": {"password": "pbkdf2_sha256$1000000$SdueQGq772W4eJQHxGKy5b$H2EW+zhPQWy6ihip5GGeT/KsOlhH8XXEDgHbAJnVxZM=", "last_login": null, "is_superuser": false, "username": "user_premium_2", "first_name": "User2", "last_name": "Premium", "email": "user_premium_2@test.com", "is_staff": false, "is_active": true, "date_joined": "2025-07-27T23:06:13.234Z", "name": null, "company": 19, "can_place_ads": false, "can_place_bids": false, "role": "Staff", "is_primary_contact": false, "contact_type": "regular", "position": null, "bank_country": "US", "bank_currency": "USD", "bank_account_holder": null, "bank_account_number": null, "bank_routing_number": null, "payout_frequency": "monthly", "payout_method": "bank_transfer", "groups": [], "user_permissions": []}}, {"model": "users.user", "pk": 39, "fields": {"password": "", "last_login": null, "is_superuser": false, "username": "Giulia.Rossini", "first_name": "Giulia", "last_name": "Rossini", "email": "Giulia.Rossini@atomler.se", "is_staff": false, "is_active": true, "date_joined": "2025-07-28T10:28:00.311Z", "name": null, "company": 7, "can_place_ads": false, "can_place_bids": false, "role": "Staff", "is_primary_contact": false, "contact_type": "secondary", "position": "Operations manager", "bank_country": "US", "bank_currency": "USD", "bank_account_holder": null, "bank_account_number": null, "bank_routing_number": null, "payout_frequency": "monthly", "payout_method": "bank_transfer", "groups": [], "user_permissions": []}}, {"model": "users.user", "pk": 40, "fields": {"password": "", "last_login": null, "is_superuser": false, "username": "sarah.potter", "first_name": "Sarah", "last_name": "Potter", "email": "sarah.potter@bahumit.se", "is_staff": false, "is_active": true, "date_joined": "2025-07-28T10:28:02.114Z", "name": null, "company": 10, "can_place_ads": false, "can_place_bids": false, "role": "Staff", "is_primary_contact": false, "contact_type": "secondary", "position": "Operations Manager", "bank_country": "US", "bank_currency": "USD", "bank_account_holder": null, "bank_account_number": null, "bank_routing_number": null, "payout_frequency": "monthly", "payout_method": "bank_transfer", "groups": [], "user_permissions": []}}, {"model": "users.user", "pk": 41, "fields": {"password": "", "last_login": null, "is_superuser": false, "username": "giulia", "first_name": "Giulia", "last_name": "Calini", "email": "giulia@sanpellegrino.it", "is_staff": false, "is_active": true, "date_joined": "2025-07-28T10:28:03.884Z", "name": null, "company": 8, "can_place_ads": false, "can_place_bids": false, "role": "Staff", "is_primary_contact": false, "contact_type": "secondary", "position": "Operations Manager", "bank_country": "US", "bank_currency": "USD", "bank_account_holder": null, "bank_account_number": null, "bank_routing_number": null, "payout_frequency": "monthly", "payout_method": "bank_transfer", "groups": [], "user_permissions": []}}, {"model": "users.user", "pk": 42, "fields": {"password": "", "last_login": null, "is_superuser": false, "username": "johan.spang", "first_name": "Johan", "last_name": "Spng", "email": "johan.spang@modgroup.se", "is_staff": false, "is_active": true, "date_joined": "2025-07-28T10:28:05.743Z", "name": null, "company": 13, "can_place_ads": false, "can_place_bids": false, "role": "Staff", "is_primary_contact": false, "contact_type": "secondary", "position": "Sustanability manager", "bank_country": "US", "bank_currency": "USD", "bank_account_holder": null, "bank_account_number": null, "bank_routing_number": null, "payout_frequency": "monthly", "payout_method": "bank_transfer", "groups": [], "user_permissions": []}}, {"model": "users.user", "pk": 43, "fields": {"password": "", "last_login": null, "is_superuser": false, "username": "john", "first_name": "John", "last_name": "Doe", "email": "john@testcompany.com", "is_staff": false, "is_active": true, "date_joined": "2025-07-28T10:28:08.564Z", "name": null, "company": 16, "can_place_ads": false, "can_place_bids": false, "role": "Staff", "is_primary_contact": true, "contact_type": "primary", "position": "Manager", "bank_country": "US", "bank_currency": "USD", "bank_account_holder": null, "bank_account_number": null, "bank_routing_number": null, "payout_frequency": "monthly", "payout_method": "bank_transfer", "groups": [], "user_permissions": []}}, {"model": "users.user", "pk": 44, "fields": {"password": "", "last_login": null, "is_superuser": false, "username": "john.doe", "first_name": "John", "last_name": "Doe", "email": "john.doe@test.com", "is_staff": false, "is_active": true, "date_joined": "2025-07-28T11:04:05.727Z", "name": null, "company": 20, "can_place_ads": true, "can_place_bids": true, "role": "Staff", "is_primary_contact": true, "contact_type": "primary", "position": "Manager", "bank_country": "US", "bank_currency": "USD", "bank_account_holder": null, "bank_account_number": null, "bank_routing_number": null, "payout_frequency": "monthly", "payout_method": "bank_transfer", "groups": [], "user_permissions": []}}, {"model": "users.user", "pk": 45, "fields": {"password": "", "last_login": null, "is_superuser": false, "username": "jane.smith", "first_name": "Jane", "last_name": "Smith", "email": "jane.smith@test.com", "is_staff": false, "is_active": true, "date_joined": "2025-07-28T11:04:06.341Z", "name": null, "company": 20, "can_place_ads": true, "can_place_bids": true, "role": "Staff", "is_primary_contact": false, "contact_type": "secondary", "position": "Assistant Manager", "bank_country": "US", "bank_currency": "USD", "bank_account_holder": null, "bank_account_number": null, "bank_routing_number": null, "payout_frequency": "monthly", "payout_method": "bank_transfer", "groups": [], "user_permissions": []}}, {"model": "users.user", "pk": 46, "fields": {"password": "", "last_login": null, "is_superuser": false, "username": "direct.user", "first_name": "Direct", "last_name": "User", "email": "direct.user@test.com", "is_staff": false, "is_active": true, "date_joined": "2025-07-28T11:05:43.860Z", "name": null, "company": 21, "can_place_ads": true, "can_place_bids": true, "role": "Staff", "is_primary_contact": true, "contact_type": "primary", "position": "Direct Manager", "bank_country": "US", "bank_currency": "USD", "bank_account_holder": null, "bank_account_number": null, "bank_routing_number": null, "payout_frequency": "monthly", "payout_method": "bank_transfer", "groups": [], "user_permissions": []}}, {"model": "users.user", "pk": 47, "fields": {"password": "", "last_login": null, "is_superuser": false, "username": "frontend.user", "first_name": "Frontend", "last_name": "User", "email": "frontend.user@test.com", "is_staff": false, "is_active": true, "date_joined": "2025-07-28T11:08:43.131Z", "name": null, "company": 22, "can_place_ads": true, "can_place_bids": true, "role": "Staff", "is_primary_contact": true, "contact_type": "primary", "position": "Frontend Manager", "bank_country": "US", "bank_currency": "USD", "bank_account_holder": null, "bank_account_number": null, "bank_routing_number": null, "payout_frequency": "monthly", "payout_method": "bank_transfer", "groups": [], "user_permissions": []}}, {"model": "users.user", "pk": 48, "fields": {"password": "", "last_login": null, "is_superuser": false, "username": "secondary", "first_name": "Secondary", "last_name": "Contact", "email": "secondary@test.com", "is_staff": false, "is_active": true, "date_joined": "2025-07-28T11:08:43.744Z", "name": null, "company": 22, "can_place_ads": true, "can_place_bids": true, "role": "Staff", "is_primary_contact": false, "contact_type": "secondary", "position": "Assistant", "bank_country": "US", "bank_currency": "USD", "bank_account_holder": null, "bank_account_number": null, "bank_routing_number": null, "payout_frequency": "monthly", "payout_method": "bank_transfer", "groups": [], "user_permissions": []}}, {"model": "users.user", "pk": 49, "fields": {"password": "", "last_login": null, "is_superuser": false, "username": "final.user", "first_name": "Final", "last_name": "User", "email": "final.user@test.com", "is_staff": false, "is_active": true, "date_joined": "2025-07-28T11:09:36.485Z", "name": null, "company": 23, "can_place_ads": true, "can_place_bids": true, "role": "Staff", "is_primary_contact": true, "contact_type": "primary", "position": "Final Manager", "bank_country": "US", "bank_currency": "USD", "bank_account_holder": null, "bank_account_number": null, "bank_routing_number": null, "payout_frequency": "monthly", "payout_method": "bank_transfer", "groups": [], "user_permissions": []}}, {"model": "users.user", "pk": 50, "fields": {"password": "", "last_login": null, "is_superuser": false, "username": "curl.user", "first_name": "Curl", "last_name": "User", "email": "curl.user@test.com", "is_staff": false, "is_active": true, "date_joined": "2025-07-28T11:53:10.558Z", "name": null, "company": 24, "can_place_ads": true, "can_place_bids": true, "role": "Staff", "is_primary_contact": true, "contact_type": "primary", "position": "Curl Manager", "bank_country": "US", "bank_currency": "USD", "bank_account_holder": null, "bank_account_number": null, "bank_routing_number": null, "payout_frequency": "monthly", "payout_method": "bank_transfer", "groups": [], "user_permissions": []}}, {"model": "users.user", "pk": 51, "fields": {"password": "", "last_login": null, "is_superuser": false, "username": "test.registration", "first_name": "Test", "last_name": "Registration", "email": "test.registration@test.com", "is_staff": false, "is_active": true, "date_joined": "2025-07-28T11:54:25.717Z", "name": null, "company": 25, "can_place_ads": true, "can_place_bids": true, "role": "Staff", "is_primary_contact": true, "contact_type": "primary", "position": "Test Manager", "bank_country": "US", "bank_currency": "USD", "bank_account_holder": null, "bank_account_number": null, "bank_routing_number": null, "payout_frequency": "monthly", "payout_method": "bank_transfer", "groups": [], "user_permissions": []}}, {"model": "users.user", "pk": 52, "fields": {"password": "", "last_login": null, "is_superuser": false, "username": "python.user", "first_name": "Python", "last_name": "User", "email": "python.user@test.com", "is_staff": false, "is_active": true, "date_joined": "2025-07-28T11:55:14.582Z", "name": null, "company": 26, "can_place_ads": true, "can_place_bids": true, "role": "Staff", "is_primary_contact": true, "contact_type": "primary", "position": "Python Manager", "bank_country": "US", "bank_currency": "USD", "bank_account_holder": null, "bank_account_number": null, "bank_routing_number": null, "payout_frequency": "monthly", "payout_method": "bank_transfer", "groups": [], "user_permissions": []}}, {"model": "users.user", "pk": 54, "fields": {"password": "", "last_login": null, "is_superuser": false, "username": "test", "first_name": "Duplicate", "last_name": "User", "email": "test@simple.com", "is_staff": false, "is_active": true, "date_joined": "2025-07-28T12:10:47.428Z", "name": null, "company": 29, "can_place_ads": true, "can_place_bids": true, "role": "Staff", "is_primary_contact": true, "contact_type": "primary", "position": "Manager", "bank_country": "US", "bank_currency": "USD", "bank_account_holder": null, "bank_account_number": null, "bank_routing_number": null, "payout_frequency": "monthly", "payout_method": "bank_transfer", "groups": [], "user_permissions": []}}, {"model": "users.user", "pk": 55, "fields": {"password": "", "last_login": null, "is_superuser": false, "username": "unique999", "first_name": "Unique", "last_name": "User", "email": "unique999@test.com", "is_staff": false, "is_active": true, "date_joined": "2025-07-28T12:19:49.232Z", "name": null, "company": 30, "can_place_ads": true, "can_place_bids": true, "role": "Staff", "is_primary_contact": true, "contact_type": "primary", "position": "Manager", "bank_country": "US", "bank_currency": "USD", "bank_account_holder": null, "bank_account_number": null, "bank_routing_number": null, "payout_frequency": "monthly", "payout_method": "bank_transfer", "groups": [], "user_permissions": []}}, {"model": "users.user", "pk": 56, "fields": {"password": "pbkdf2_sha256$1000000$sU8lVDc5eyi5M6XP7atZrA$ItXq0l28Hhxf8pquVJobw8V/A34yAT3ySgpP6Q8z54U=", "last_login": null, "is_superuser": false, "username": "olivierkarera2020", "first_name": "Olivier", "last_name": "KARERA", "email": "olivierkarera2020@gmail.com", "is_staff": false, "is_active": true, "date_joined": "2025-07-28T12:22:56.178Z", "name": null, "company": 35, "can_place_ads": true, "can_place_bids": true, "role": "Staff", "is_primary_contact": true, "contact_type": "primary", "position": "Tester", "bank_country": "US", "bank_currency": "USD", "bank_account_holder": null, "bank_account_number": null, "bank_routing_number": null, "payout_frequency": "monthly", "payout_method": "bank_transfer", "groups": [], "user_permissions": []}}, {"model": "users.user", "pk": 57, "fields": {"password": "pbkdf2_sha256$1000000$t3z5LhzLUoPokPgdliAPwg$YXARRU4E8yyt3v+sMftGsiR0Qfygoc5VJJx/NuIhJmc=", "last_login": null, "is_superuser": false, "username": "signuptest", "first_name": "Signup", "last_name": "Test", "email": "signuptest@test.com", "is_staff": false, "is_active": true, "date_joined": "2025-07-28T12:30:49.921Z", "name": null, "company": 32, "can_place_ads": true, "can_place_bids": true, "role": "Staff", "is_primary_contact": true, "contact_type": "primary", "position": "Manager", "bank_country": "US", "bank_currency": "USD", "bank_account_holder": null, "bank_account_number": null, "bank_routing_number": null, "payout_frequency": "monthly", "payout_method": "bank_transfer", "groups": [], "user_permissions": []}}, {"model": "users.user", "pk": 58, "fields": {"password": "pbkdf2_sha256$1000000$dHnevCfyhkMKRHXJVJlizt$9sJlMhza/J/GH+mE3BXwho7AC/vj5k+stp4r4z1R6RM=", "last_login": null, "is_superuser": false, "username": "flowtest", "first_name": "Flow", "last_name": "Test", "email": "flowtest@test.com", "is_staff": false, "is_active": true, "date_joined": "2025-07-28T12:33:29.947Z", "name": null, "company": 33, "can_place_ads": true, "can_place_bids": true, "role": "Staff", "is_primary_contact": true, "contact_type": "primary", "position": "Manager", "bank_country": "US", "bank_currency": "USD", "bank_account_holder": null, "bank_account_number": null, "bank_routing_number": null, "payout_frequency": "monthly", "payout_method": "bank_transfer", "groups": [], "user_permissions": []}}, {"model": "users.user", "pk": 59, "fields": {"password": "pbkdf2_sha256$1000000$2YYaZSu6TqhTytLh5ZKCUk$AkjdqJXn0aSKWILId6NoNc9ZrYhE1YYIVpVlXaMeZwo=", "last_login": null, "is_superuser": true, "username": "testadmin", "first_name": "Test", "last_name": "Admin", "email": "admin@test.com", "is_staff": true, "is_active": true, "date_joined": "2025-07-28T13:00:01.888Z", "name": null, "company": null, "can_place_ads": false, "can_place_bids": false, "role": "Admin", "is_primary_contact": false, "contact_type": "regular", "position": null, "bank_country": "US", "bank_currency": "USD", "bank_account_holder": null, "bank_account_number": null, "bank_routing_number": null, "payout_frequency": "monthly", "payout_method": "bank_transfer", "groups": [], "user_permissions": []}}, {"model": "users.user", "pk": 60, "fields": {"password": "", "last_login": null, "is_superuser": false, "username": "Karera123", "first_name": "Olivier", "last_name": "KARERA", "email": "Karera123@gmail.com", "is_staff": false, "is_active": true, "date_joined": "2025-07-31T20:47:29.166Z", "name": null, "company": 35, "can_place_ads": false, "can_place_bids": false, "role": "Staff", "is_primary_contact": false, "contact_type": "secondary", "position": "Tester", "bank_country": "US", "bank_currency": "USD", "bank_account_holder": null, "bank_account_number": null, "bank_routing_number": null, "payout_frequency": "monthly", "payout_method": "bank_transfer", "groups": [], "user_permissions": []}}, {"model": "users.user", "pk": 72, "fields": {"password": "", "last_login": null, "is_superuser": false, "username": "karera1757272150", "first_name": "Olivier", "last_name": "Karera", "email": "karera1757272150@testcompany.com", "is_staff": false, "is_active": true, "date_joined": "2025-09-07T19:09:12.656Z", "name": null, "company": 43, "can_place_ads": false, "can_place_bids": false, "role": "Staff", "is_primary_contact": true, "contact_type": "primary", "position": "Developer", "bank_country": "SE", "bank_currency": "SEK", "bank_account_holder": null, "bank_account_number": null, "bank_routing_number": null, "payout_frequency": "weekly", "payout_method": "bank_transfer", "groups": [], "user_permissions": []}}, {"model": "users.user", "pk": 73, "fields": {"password": "", "last_login": null, "is_superuser": false, "username": "karera11757272150", "first_name": "olivier2", "last_name": "karera2", "email": "karera11757272150@testcompany.com", "is_staff": false, "is_active": true, "date_joined": "2025-09-07T19:09:14.203Z", "name": null, "company": 43, "can_place_ads": false, "can_place_bids": false, "role": "Staff", "is_primary_contact": false, "contact_type": "secondary", "position": "CEO", "bank_country": "SE", "bank_currency": "SEK", "bank_account_holder": null, "bank_account_number": null, "bank_routing_number": null, "payout_frequency": "weekly", "payout_method": "bank_transfer", "groups": [], "user_permissions": []}}, {"model": "users.user", "pk": 74, "fields": {"password": "pbkdf2_sha256$1000000$PP6VoaI7ngvpRPrlYv61Kz$J72Vguf9tEQAYN+yy/SO4XdONFrrGS/aR4iqnzDVZKg=", "last_login": null, "is_superuser": false, "username": "karera123", "first_name": "olivier2", "last_name": "karera2", "email": "karera123@gmail.com", "is_staff": false, "is_active": true, "date_joined": "2025-09-07T19:09:33.178Z", "name": null, "company": 44, "can_place_ads": false, "can_place_bids": false, "role": "Staff", "is_primary_contact": false, "contact_type": "secondary", "position": "CEO", "bank_country": "SE", "bank_currency": "SEK", "bank_account_holder": null, "bank_account_number": null, "bank_routing_number": null, "payout_frequency": "weekly", "payout_method": "bank_transfer", "groups": [], "user_permissions": []}}, {"model": "users.user", "pk": 87, "fields": {"password": "!3NveAtV4Lt9AhVOZqVJylBtvIyhTSAgrGWGiniy9", "last_login": null, "is_superuser": false, "username": "bidder11757273394", "first_name": "John", "last_name": "Doe", "email": "bidder11757273394@test.com", "is_staff": false, "is_active": true, "date_joined": "2025-09-07T19:29:55.350Z", "name": null, "company": 54, "can_place_ads": false, "can_place_bids": true, "role": "Staff", "is_primary_contact": false, "contact_type": "regular", "position": null, "bank_country": "SE", "bank_currency": "SEK", "bank_account_holder": null, "bank_account_number": null, "bank_routing_number": null, "payout_frequency": "weekly", "payout_method": "bank_transfer", "groups": [], "user_permissions": []}}, {"model": "users.user", "pk": 88, "fields": {"password": "!Nl7xwcCJdyXFNonZzzBj4M99Xu8rRfxqGHQ5ltlN", "last_login": null, "is_superuser": false, "username": "bidder21757273394", "first_name": "Jane", "last_name": "Smith", "email": "bidder21757273394@test.com", "is_staff": false, "is_active": true, "date_joined": "2025-09-07T19:29:56.200Z", "name": null, "company": 55, "can_place_ads": false, "can_place_bids": true, "role": "Staff", "is_primary_contact": false, "contact_type": "regular", "position": null, "bank_country": "SE", "bank_currency": "SEK", "bank_account_holder": null, "bank_account_number": null, "bank_routing_number": null, "payout_frequency": "weekly", "payout_method": "bank_transfer", "groups": [], "user_permissions": []}}, {"model": "users.user", "pk": 89, "fields": {"password": "!oxcjITtp2vEcij2XarDvIC0jiURhvRWtlfKm9P7c", "last_login": null, "is_superuser": false, "username": "seller1757273394", "first_name": "Seller", "last_name": "User", "email": "seller1757273394@test.com", "is_staff": false, "is_active": true, "date_joined": "2025-09-07T19:29:57.019Z", "name": null, "company": 54, "can_place_ads": true, "can_place_bids": false, "role": "Staff", "is_primary_contact": false, "contact_type": "regular", "position": null, "bank_country": "SE", "bank_currency": "SEK", "bank_account_holder": null, "bank_account_number": null, "bank_routing_number": null, "payout_frequency": "weekly", "payout_method": "bank_transfer", "groups": [], "user_permissions": []}}, {"model": "users.user", "pk": 108, "fields": {"password": "pbkdf2_sha256$870000$WwRdVUAe1fj4a3y2uwfngT$Dp652RBhe9OF853dS6tXlekj1kFc4udI6H2iXvUrhxM=", "last_login": null, "is_superuser": true, "username": "admin_test", "first_name": "", "last_name": "", "email": "admin@test.com", "is_staff": true, "is_active": true, "date_joined": "2025-09-11T14:20:32.408Z", "name": null, "company": null, "can_place_ads": false, "can_place_bids": false, "role": "Admin", "is_primary_contact": false, "contact_type": "regular", "position": null, "bank_country": "SE", "bank_currency": "SEK", "bank_account_holder": null, "bank_account_number": null, "bank_routing_number": null, "payout_frequency": "weekly", "payout_method": "bank_transfer", "groups": [], "user_permissions": []}}, {"model": "users.user", "pk": 109, "fields": {"password": "pbkdf2_sha256$870000$PghJVkzH0A4QzSg395lrsZ$0moW6GkLd2eBEIDlKVOUmTSYD6HPG0gn6U+rqms2UY4=", "last_login": null, "is_superuser": false, "username": "testuser", "first_name": "", "last_name": "", "email": "test@example.com", "is_staff": false, "is_active": true, "date_joined": "2025-09-11T14:24:49.646Z", "name": "Test User", "company": null, "can_place_ads": false, "can_place_bids": false, "role": "Staff", "is_primary_contact": false, "contact_type": "regular", "position": null, "bank_country": "SE", "bank_currency": "SEK", "bank_account_holder": null, "bank_account_number": null, "bank_routing_number": null, "payout_frequency": "weekly", "payout_method": "bank_transfer", "groups": [], "user_permissions": []}}, {"model": "users.user", "pk": 110, "fields": {"password": "pbkdf2_sha256$1000000$qBvn3hnHj1TJHtNZmsjFdp$cSp74INGPFb5lM4M4SAIGMf20y9VppnaF7fhH1PQOrg=", "last_login": null, "is_superuser": false, "username": "Johan", "first_name": "Johan ", "last_name": "Gustafson", "email": "Johan@gustafson.se", "is_staff": false, "is_active": true, "date_joined": "2025-09-25T10:06:18.033Z", "name": null, "company": 56, "can_place_ads": true, "can_place_bids": true, "role": "Staff", "is_primary_contact": true, "contact_type": "primary", "position": "CEO", "bank_country": "SE", "bank_currency": "SEK", "bank_account_holder": null, "bank_account_number": null, "bank_routing_number": null, "payout_frequency": "weekly", "payout_method": "bank_transfer", "groups": [], "user_permissions": []}}, {"model": "users.user", "pk": 111, "fields": {"password": "pbkdf2_sha256$1000000$lkvqbC26imyqf3QNQvbTaN$FLsEaMBHVvstZeH6p/z301t6S/yDcSqX/CgRuvBRvEw=", "last_login": null, "is_superuser": false, "username": "towiga", "first_name": "Simon", "last_name": "Lowery", "email": "towiga@mailinator.com", "is_staff": false, "is_active": true, "date_joined": "2025-10-01T22:33:29.059Z", "name": null, "company": 57, "can_place_ads": false, "can_place_bids": false, "role": "Staff", "is_primary_contact": true, "contact_type": "primary", "position": "Maxime nisi minima a", "bank_country": "SE", "bank_currency": "SEK", "bank_account_holder": null, "bank_account_number": null, "bank_routing_number": null, "payout_frequency": "weekly", "payout_method": "bank_transfer", "groups": [], "user_permissions": []}}, {"model": "users.user", "pk": 112, "fields": {"password": "", "last_login": null, "is_superuser": false, "username": "ruhujoj", "first_name": "Bell", "last_name": "Delgado", "email": "ruhujoj@mailinator.com", "is_staff": false, "is_active": true, "date_joined": "2025-10-01T22:33:29.062Z", "name": null, "company": 57, "can_place_ads": false, "can_place_bids": false, "role": "Staff", "is_primary_contact": false, "contact_type": "secondary", "position": "Qui ipsum rem dolore", "bank_country": "SE", "bank_currency": "SEK", "bank_account_holder": null, "bank_account_number": null, "bank_routing_number": null, "payout_frequency": "weekly", "payout_method": "bank_transfer", "groups": [], "user_permissions": []}}, {"model": "users.user", "pk": 113, "fields": {"password": "pbkdf2_sha256$1000000$PTIYH1DBSeCRJnnciFP4at$BXhTPlEziba3r39euH69T+F1ESFKxNBfi5QXGrsKDGY=", "last_login": null, "is_superuser": false, "username": "olivierkarera2021", "first_name": "Olivier", "last_name": "Karera", "email": "olivierkarera2021@gmail.com", "is_staff": false, "is_active": true, "date_joined": "2025-10-02T18:12:26.660Z", "name": null, "company": 58, "can_place_ads": true, "can_place_bids": true, "role": "Staff", "is_primary_contact": true, "contact_type": "primary", "position": "CEO", "bank_country": "SE", "bank_currency": "SEK", "bank_account_holder": null, "bank_account_number": null, "bank_routing_number": null, "payout_frequency": "weekly", "payout_method": "bank_transfer", "groups": [], "user_permissions": []}}, {"model": "users.user", "pk": 114, "fields": {"password": "pbkdf2_sha256$1000000$f67xa4ULbGs0jhoL5gduqu$mPwLIO0h+P8+WLbHy0Q/7SOU+6fP48JzPRzgwJjT3CU=", "last_login": null, "is_superuser": false, "username": "test123", "first_name": "Test123", "last_name": "Test 123", "email": "test123@gmail.com", "is_staff": false, "is_active": true, "date_joined": "2025-10-02T19:03:57.718Z", "name": null, "company": 59, "can_place_ads": true, "can_place_bids": true, "role": "Staff", "is_primary_contact": true, "contact_type": "primary", "position": "CEO", "bank_country": "SE", "bank_currency": "SEK", "bank_account_holder": null, "bank_account_number": null, "bank_routing_number": null, "payout_frequency": "weekly", "payout_method": "bank_transfer", "groups": [], "user_permissions": []}}, {"model": "users.user", "pk": 115, "fields": {"password": "pbkdf2_sha256$1000000$Rw1k2Ug576L9gCdEHtJ0TN$qXp6WdnOajMBTzktkjc5k0Gni3MalIxnV2eLF4yycSE=", "last_login": "2025-10-20T20:34:50.258Z", "is_superuser": true, "username": "okarera@gmail.com", "first_name": "", "last_name": "", "email": "okarera@gmail.com", "is_staff": true, "is_active": true, "date_joined": "2025-10-20T20:33:35.378Z", "name": null, "company": null, "can_place_ads": false, "can_place_bids": false, "role": "Staff", "is_primary_contact": false, "contact_type": "regular", "position": null, "bank_country": "SE", "bank_currency": "SEK", "bank_account_holder": null, "bank_account_number": null, "bank_routing_number": null, "payout_frequency": "weekly", "payout_method": "bank_transfer", "groups": [], "user_permissions": []}}, {"model": "users.passwordresetotp", "pk": 1, "fields": {"email": "kareraol1@gmail.com", "otp": "789325", "created_at": "2025-08-26T13:38:55.950Z", "expires_at": "2025-08-26T14:08:55.949Z", "is_used": false, "reset_token": null, "purpose": "password_reset"}}, {"model": "users.passwordresetotp", "pk": 2, "fields": {"email": "kareraol1@gmail.com", "otp": "650782", "created_at": "2025-08-26T13:39:51.978Z", "expires_at": "2025-08-26T14:09:51.978Z", "is_used": true, "reset_token": "4eYttFgaUjC1-bFocYMoDomF5ZIiSND_-U6Bp9jbP-4", "purpose": "password_reset"}}, {"model": "users.passwordresetotp", "pk": 3, "fields": {"email": "kareraol1@gmail.com", "otp": "544822", "created_at": "2025-08-26T20:38:19.224Z", "expires_at": "2025-08-26T21:08:19.224Z", "is_used": false, "reset_token": null, "purpose": "password_reset"}}, {"model": "users.passwordresetotp", "pk": 4, "fields": {"email": "kareraol1@gmail.com", "otp": "172506", "created_at": "2025-08-26T20:38:24.469Z", "expires_at": "2025-08-26T21:08:24.469Z", "is_used": false, "reset_token": null, "purpose": "password_reset"}}, {"model": "users.passwordresetotp", "pk": 5, "fields": {"email": "kareraol1@gmail.com", "otp": "930387", "created_at": "2025-08-26T20:51:09.237Z", "expires_at": "2025-08-26T21:21:09.236Z", "is_used": true, "reset_token": "iIGamX35cKrlvfwRBGIGSJ0I__vdqCdB7fM7ZK14n6w", "purpose": "password_reset"}}, {"model": "users.passwordresetotp", "pk": 6, "fields": {"email": "kareraol1@gmail.com", "otp": "471833", "created_at": "2025-08-28T18:52:18.787Z", "expires_at": "2025-08-28T19:22:18.786Z", "is_used": true, "reset_token": "A7mYTF_m9gTWnoNts-ViZsktTokTd77Bpe3l6i-Vcek", "purpose": "password_reset"}}, {"model": "category.category", "pk": 6, "fields": {"name": "All materials"}}, {"model": "category.category", "pk": 7, "fields": {"name": "Plastics"}}, {"model": "category.category", "pk": 8, "fields": {"name": "Paper"}}, {"model": "category.category", "pk": 9, "fields": {"name": "Wood"}}, {"model": "category.category", "pk": 10, "fields": {"name": "Glass"}}, {"model": "category.category", "pk": 11, "fields": {"name": "Textiles"}}, {"model": "category.category", "pk": 12, "fields": {"name": "Building material"}}, {"model": "category.category", "pk": 13, "fields": {"name": "Metals"}}, {"model": "category.category", "pk": 14, "fields": {"name": "Organic waste"}}, {"model": "category.category", "pk": 16, "fields": {"name": "Machinery and equipment"}}, {"model": "category.category", "pk": 17, "fields": {"name": "Chemical substances"}}, {"model": "category.category", "pk": 18, "fields": {"name": "Other"}}, {"model": "category.subcategory", "pk": 22, "fields": {"category": 7, "name": "HIPS"}}, {"model": "category.subcategory", "pk": 23, "fields": {"category": 7, "name": "BOPP"}}, {"model": "category.subcategory", "pk": 24, "fields": {"category": 7, "name": "EPDM"}}, {"model": "category.subcategory", "pk": 25, "fields": {"category": 7, "name": "EPS"}}, {"model": "category.subcategory", "pk": 26, "fields": {"category": 7, "name": "EVA"}}, {"model": "category.subcategory", "pk": 27, "fields": {"category": 7, "name": "GPPS"}}, {"model": "category.subcategory", "pk": 28, "fields": {"category": 7, "name": "HDPE"}}, {"model": "category.subcategory", "pk": 29, "fields": {"category": 7, "name": "HMW"}}, {"model": "category.subcategory", "pk": 30, "fields": {"category": 7, "name": "LDPE"}}, {"model": "category.subcategory", "pk": 31, "fields": {"category": 7, "name": "LLDPE"}}, {"model": "category.subcategory", "pk": 32, "fields": {"category": 7, "name": "Mixed hard plastics"}}, {"model": "category.subcategory", "pk": 33, "fields": {"category": 7, "name": "Noryl"}}, {"model": "category.subcategory", "pk": 34, "fields": {"category": 7, "name": "Nylon (PA)"}}, {"model": "category.subcategory", "pk": 35, "fields": {"category": 7, "name": "PBT"}}, {"model": "category.subcategory", "pk": 36, "fields": {"category": 7, "name": "PE"}}, {"model": "category.subcategory", "pk": 37, "fields": {"category": 7, "name": "PF"}}, {"model": "category.subcategory", "pk": 38, "fields": {"category": 7, "name": "PETG"}}, {"model": "category.subcategory", "pk": 39, "fields": {"category": 7, "name": "PLA"}}, {"model": "category.subcategory", "pk": 40, "fields": {"category": 7, "name": "PMMA"}}, {"model": "category.subcategory", "pk": 41, "fields": {"category": 7, "name": "Polycarbonate"}}, {"model": "category.subcategory", "pk": 42, "fields": {"category": 7, "name": "Polyester"}}, {"model": "category.subcategory", "pk": 43, "fields": {"category": 7, "name": "Polyurethane"}}, {"model": "category.subcategory", "pk": 44, "fields": {"category": 7, "name": "PP"}}, {"model": "category.subcategory", "pk": 45, "fields": {"category": 7, "name": "PS"}}, {"model": "category.subcategory", "pk": 46, "fields": {"category": 7, "name": "PVA"}}, {"model": "category.subcategory", "pk": 47, "fields": {"category": 7, "name": "PVC"}}, {"model": "category.subcategory", "pk": 48, "fields": {"category": 7, "name": "SEBS"}}, {"model": "category.subcategory", "pk": 49, "fields": {"category": 7, "name": "TPE"}}, {"model": "category.subcategory", "pk": 50, "fields": {"category": 7, "name": "TPO"}}, {"model": "category.subcategory", "pk": 51, "fields": {"category": 7, "name": "TPU"}}, {"model": "category.subcategory", "pk": 52, "fields": {"category": 7, "name": "XPS"}}, {"model": "category.subcategory", "pk": 53, "fields": {"category": 7, "name": "PET"}}, {"model": "category.subcategory", "pk": 54, "fields": {"category": 7, "name": "ABS"}}, {"model": "category.subcategory", "pk": 55, "fields": {"category": 7, "name": "Acrylic"}}, {"model": "category.subcategory", "pk": 56, "fields": {"category": 7, "name": "POM"}}, {"model": "category.subcategory", "pk": 57, "fields": {"category": 7, "name": "PET-A"}}, {"model": "category.subcategory", "pk": 58, "fields": {"category": 7, "name": "Polypropyleneoxide rubber"}}, {"model": "category.subcategory", "pk": 59, "fields": {"category": 7, "name": "Polyamide"}}, {"model": "category.subcategory", "pk": 60, "fields": {"category": 7, "name": "Other plastics"}}, {"model": "category.subcategory", "pk": 61, "fields": {"category": 7, "name": "Pvb"}}, {"model": "category.subcategory", "pk": 62, "fields": {"category": 7, "name": "Mixed municipal plastic"}}, {"model": "category.subcategory", "pk": 63, "fields": {"category": 8, "name": "Boxes"}}, {"model": "category.subcategory", "pk": 64, "fields": {"category": 8, "name": "Cardboard"}}, {"model": "category.subcategory", "pk": 65, "fields": {"category": 8, "name": "Newspaper"}}, {"model": "category.subcategory", "pk": 66, "fields": {"category": 8, "name": "Paper tubes"}}, {"model": "category.subcategory", "pk": 67, "fields": {"category": 8, "name": "Composite packaging"}}, {"model": "category.subcategory", "pk": 68, "fields": {"category": 8, "name": "White paper"}}, {"model": "category.subcategory", "pk": 69, "fields": {"category": 8, "name": "Shredding"}}, {"model": "category.subcategory", "pk": 70, "fields": {"category": 8, "name": "Flyers"}}, {"model": "category.subcategory", "pk": 71, "fields": {"category": 8, "name": "Magazines"}}, {"model": "category.subcategory", "pk": 72, "fields": {"category": 8, "name": "Printed paper"}}, {"model": "category.subcategory", "pk": 73, "fields": {"category": 8, "name": "Books"}}, {"model": "category.subcategory", "pk": 74, "fields": {"category": 9, "name": "Pallets"}}, {"model": "category.subcategory", "pk": 75, "fields": {"category": 9, "name": "Pinch"}}, {"model": "category.subcategory", "pk": 76, "fields": {"category": 9, "name": "Wooden packaging, crates"}}, {"model": "category.subcategory", "pk": 77, "fields": {"category": 9, "name": "Solid wood"}}, {"model": "category.subcategory", "pk": 78, "fields": {"category": 9, "name": "Chipboard"}}, {"model": "category.subcategory", "pk": 79, "fields": {"category": 9, "name": "Wood fibre"}}, {"model": "category.subcategory", "pk": 80, "fields": {"category": 9, "name": "Hoblins"}}, {"model": "category.subcategory", "pk": 81, "fields": {"category": 9, "name": "Sawdust"}}, {"model": "category.subcategory", "pk": 82, "fields": {"category": 9, "name": "Plywood"}}, {"model": "category.subcategory", "pk": 83, "fields": {"category": 10, "name": "Clear glass"}}, {"model": "category.subcategory", "pk": 84, "fields": {"category": 10, "name": "Coloured glass"}}, {"model": "category.subcategory", "pk": 85, "fields": {"category": 10, "name": "Mixed glass"}}, {"model": "category.subcategory", "pk": 86, "fields": {"category": 10, "name": "Car Glass"}}, {"model": "category.subcategory", "pk": 87, "fields": {"category": 10, "name": "Crystal glass (table glass)"}}, {"model": "category.subcategory", "pk": 88, "fields": {"category": 10, "name": "Lead crystal (jewellery, cut glass)"}}, {"model": "category.subcategory", "pk": 89, "fields": {"category": 10, "name": "Borosilicate (laboratory and domestic cooking glassware"}}, {"model": "category.subcategory", "pk": 90, "fields": {"category": 10, "name": "Quartz (laboratory)"}}, {"model": "category.subcategory", "pk": 91, "fields": {"category": 10, "name": "Soda-lime (bottles)"}}, {"model": "category.subcategory", "pk": 92, "fields": {"category": 10, "name": "Window glass"}}, {"model": "category.subcategory", "pk": 93, "fields": {"category": 11, "name": "Polyester"}}, {"model": "category.subcategory", "pk": 94, "fields": {"category": 11, "name": "Mixed textiles"}}, {"model": "category.subcategory", "pk": 95, "fields": {"category": 11, "name": "Cotton"}}, {"model": "category.subcategory", "pk": 96, "fields": {"category": 11, "name": "Natural fibre"}}, {"model": "category.subcategory", "pk": 97, "fields": {"category": 11, "name": "Synthetic fibre"}}, {"model": "category.subcategory", "pk": 98, "fields": {"category": 11, "name": "Hollow fibre"}}, {"model": "category.subcategory", "pk": 99, "fields": {"category": 11, "name": "Remnants of textile fabric"}}, {"model": "category.subcategory", "pk": 100, "fields": {"category": 11, "name": "Leather"}}, {"model": "category.subcategory", "pk": 101, "fields": {"category": 11, "name": "Fabrics"}}, {"model": "category.subcategory", "pk": 102, "fields": {"category": 11, "name": "Elastomer"}}, {"model": "category.subcategory", "pk": 103, "fields": {"category": 11, "name": "Plastomer"}}, {"model": "category.subcategory", "pk": 104, "fields": {"category": 12, "name": "Concrete recyclate"}}, {"model": "category.subcategory", "pk": 105, "fields": {"category": 12, "name": "Mixed recyclate"}}, {"model": "category.subcategory", "pk": 106, "fields": {"category": 12, "name": "Ornice"}}, {"model": "category.subcategory", "pk": 107, "fields": {"category": 12, "name": "Asphalt recyclate"}}, {"model": "category.subcategory", "pk": 108, "fields": {"category": 12, "name": "Concrete"}}, {"model": "category.subcategory", "pk": 109, "fields": {"category": 12, "name": "Bricks"}}, {"model": "category.subcategory", "pk": 110, "fields": {"category": 12, "name": "Asphalt"}}, {"model": "category.subcategory", "pk": 111, "fields": {"category": 12, "name": "Ceramics"}}, {"model": "category.subcategory", "pk": 112, "fields": {"category": 12, "name": "Roof tiles"}}, {"model": "category.subcategory", "pk": 113, "fields": {"category": 12, "name": "Recycled bricks"}}, {"model": "category.subcategory", "pk": 114, "fields": {"category": 12, "name": "Soil"}}, {"model": "category.subcategory", "pk": 115, "fields": {"category": 12, "name": "Mixed waste - rubble"}}, {"model": "category.subcategory", "pk": 116, "fields": {"category": 12, "name": "Gypsum"}}, {"model": "category.subcategory", "pk": 117, "fields": {"category": 12, "name": "Asbestos"}}, {"model": "category.subcategory", "pk": 118, "fields": {"category": 12, "name": "Stoneware"}}, {"model": "category.subcategory", "pk": 119, "fields": {"category": 12, "name": "Insulating materials"}}, {"model": "category.subcategory", "pk": 120, "fields": {"category": 13, "name": "Copper"}}, {"model": "category.subcategory", "pk": 121, "fields": {"category": 13, "name": "Bronze"}}, {"model": "category.subcategory", "pk": 122, "fields": {"category": 13, "name": "Brass"}}, {"model": "category.subcategory", "pk": 123, "fields": {"category": 13, "name": "Aluminium"}}, {"model": "category.subcategory", "pk": 124, "fields": {"category": 13, "name": "Lead"}}, {"model": "category.subcategory", "pk": 125, "fields": {"category": 13, "name": "Zinc"}}, {"model": "category.subcategory", "pk": 126, "fields": {"category": 13, "name": "Iron and steel"}}, {"model": "category.subcategory", "pk": 127, "fields": {"category": 13, "name": "Tin"}}, {"model": "category.subcategory", "pk": 128, "fields": {"category": 13, "name": "Mixed metals"}}, {"model": "category.subcategory", "pk": 129, "fields": {"category": 13, "name": "Nickel"}}, {"model": "category.subcategory", "pk": 130, "fields": {"category": 13, "name": "Stainless steel"}}, {"model": "category.subcategory", "pk": 131, "fields": {"category": 13, "name": "Mercury"}}, {"model": "category.subcategory", "pk": 132, "fields": {"category": 13, "name": "Cast Iron"}}, {"model": "category.subcategory", "pk": 133, "fields": {"category": 13, "name": "Precious metals"}}, {"model": "category.subcategory", "pk": 134, "fields": {"category": 14, "name": "Manure"}}, {"model": "category.subcategory", "pk": 135, "fields": {"category": 14, "name": "Wood from green maintenance"}}, {"model": "category.subcategory", "pk": 136, "fields": {"category": 14, "name": "Grass and leaves from green maintenance"}}, {"model": "category.subcategory", "pk": 137, "fields": {"category": 14, "name": "Waste from agriculture"}}, {"model": "category.subcategory", "pk": 138, "fields": {"category": 14, "name": "Biodegradable waste from separate collection"}}, {"model": "category.subcategory", "pk": 139, "fields": {"category": 14, "name": "Used oil"}}, {"model": "category.subcategory", "pk": 140, "fields": {"category": 14, "name": "Compost"}}, {"model": "category.subcategory", "pk": 141, "fields": {"category": 14, "name": "Digest"}}, {"model": "category.subcategory", "pk": 142, "fields": {"category": 14, "name": "Gastro waste"}}, {"model": "category.subcategory", "pk": 143, "fields": {"category": 14, "name": "Sewage sludge"}}, {"model": "category.subcategory", "pk": 144, "fields": {"category": 14, "name": "Forestry waste"}}, {"model": "category.subcategory", "pk": 151, "fields": {"category": 16, "name": "Recycling machines"}}, {"model": "category.subcategory", "pk": 152, "fields": {"category": 16, "name": "Recycling auxiliaries"}}, {"model": "category.subcategory", "pk": 153, "fields": {"category": 16, "name": "Single-purpose equipment and tools"}}, {"model": "category.subcategory", "pk": 154, "fields": {"category": 16, "name": "Measuring systems"}}, {"model": "category.subcategory", "pk": 155, "fields": {"category": 16, "name": "Service, maintenance, spare parts"}}, {"model": "category.subcategory", "pk": 156, "fields": {"category": 16, "name": "Industrial automation, technological solutions"}}, {"model": "category.subcategory", "pk": 157, "fields": {"category": 16, "name": "Packaging machines, packaging lines, packaging technology"}}, {"model": "category.subcategory", "pk": 158, "fields": {"category": 16, "name": "Transport equipment"}}, {"model": "category.subcategory", "pk": 159, "fields": {"category": 16, "name": "Other"}}, {"model": "category.subcategory", "pk": 160, "fields": {"category": 17, "name": "Mineral oils"}}, {"model": "category.subcategory", "pk": 161, "fields": {"category": 17, "name": "Solvents"}}, {"model": "category.subcategory", "pk": 162, "fields": {"category": 17, "name": "Colors"}}, {"model": "category.subcategory", "pk": 163, "fields": {"category": 17, "name": "Activated carbon"}}, {"model": "category.subcategory", "pk": 164, "fields": {"category": 17, "name": "Soot"}}, {"model": "category.subcategory", "pk": 165, "fields": {"category": 17, "name": "Lacquers"}}, {"model": "category.subcategory", "pk": 166, "fields": {"category": 17, "name": "Toners"}}, {"model": "category.subcategory", "pk": 167, "fields": {"category": 17, "name": "Adhesives"}}, {"model": "category.subcategory", "pk": 168, "fields": {"category": 17, "name": "Sealants"}}, {"model": "category.subcategory", "pk": 169, "fields": {"category": 17, "name": "Hazardous waste"}}, {"model": "category.subcategory", "pk": 170, "fields": {"category": 17, "name": "Acids"}}, {"model": "category.subcategory", "pk": 171, "fields": {"category": 17, "name": "Hydroxides"}}, {"model": "category.subcategory", "pk": 172, "fields": {"category": 17, "name": "Refrigerants"}}, {"model": "category.subcategory", "pk": 173, "fields": {"category": 18, "name": "Rubber"}}, {"model": "category.subcategory", "pk": 174, "fields": {"category": 18, "name": "Ceramics"}}, {"model": "category.subcategory", "pk": 175, "fields": {"category": 18, "name": "Composite Materials"}}, {"model": "category.subcategory", "pk": 176, "fields": {"category": 18, "name": "Mixed Materials"}}, {"model": "category.categoryspecification", "pk": 53, "fields": {"Category": 7, "color": "Natural/Clear", "material_grade": "virgin_grade", "material_form": "pellets_granules", "additional_specifications": "Melt Flow Index: 12 g/10min, Density: 0.905 g/cm, Food grade certified"}}, {"model": "category.categoryspecification", "pk": 54, "fields": {"Category": 7, "color": "White", "material_grade": "industrial_grade", "material_form": "flakes", "additional_specifications": "Clean HDPE bottles, labels removed, 98% purity"}}, {"model": "category.categoryspecification", "pk": 55, "fields": {"Category": 7, "color": "Mixed Colors", "material_grade": "recycled_grade", "material_form": "regrind", "additional_specifications": "Mixed PP automotive parts, sorted by type, metal free"}}, {"model": "category.categoryspecification", "pk": 56, "fields": {"Category": 7, "color": "Black", "material_grade": "automotive_grade", "material_form": "sheets", "additional_specifications": "UV stabilized, impact modified, automotive interior grade"}}, {"model": "category.categoryspecification", "pk": 57, "fields": {"Category": 7, "color": "Blue", "material_grade": "medical_grade", "material_form": "pellets_granules", "additional_specifications": "USP Class VI certified, gamma sterilizable, biocompatible"}}, {"model": "category.categoryspecification", "pk": 58, "fields": {"Category": 7, "color": "Green", "material_grade": "food_grade", "material_form": "film", "additional_specifications": "LDPE agricultural film, UV stabilized, soil contamination"}}, {"model": "category.categoryspecification", "pk": 59, "fields": {"Category": 7, "color": "Gray", "material_grade": "electrical_grade", "material_form": "parts_components", "additional_specifications": "ABS electronics housing, flame retardant grade"}}, {"model": "category.categoryspecification", "pk": 60, "fields": {"Category": 7, "color": "Natural/Clear", "material_grade": "food_grade", "material_form": "parts_components", "additional_specifications": "PET bottles, food contact approved, clear"}}, {"model": "category.categoryspecification", "pk": 61, "fields": {"Category": 7, "color": "Yellow", "material_grade": "medical_grade", "material_form": "parts_components", "additional_specifications": "PEEK medical components, biocompatible"}}, {"model": "category.categoryspecification", "pk": 62, "fields": {"Category": 8, "color": "White", "material_grade": "industrial_grade", "material_form": "sheets", "additional_specifications": "Office paper, 80gsm, minimal ink contamination"}}, {"model": "category.categoryspecification", "pk": 63, "fields": {"Category": 8, "color": "Brown", "material_grade": "recycled_grade", "material_form": "fiber", "additional_specifications": "Corrugated cardboard, moisture content <8%, food grade"}}, {"model": "category.categoryspecification", "pk": 64, "fields": {"Category": 8, "color": "Mixed Colors", "material_grade": "recycled_grade", "material_form": "sheets", "additional_specifications": "Mixed newspaper and magazines, standard newsprint"}}, {"model": "category.categoryspecification", "pk": 65, "fields": {"Category": 13, "color": null, "material_grade": "industrial_grade", "material_form": "sheets", "additional_specifications": "6061-T6 aluminum, 2mm thickness, aerospace grade"}}, {"model": "category.categoryspecification", "pk": 67, "fields": {"Category": 13, "color": null, "material_grade": "medical_grade", "material_form": "sheets", "additional_specifications": "316L stainless steel, biocompatible, medical grade"}}, {"model": "category.categoryspecification", "pk": 68, "fields": {"Category": 13, "color": null, "material_grade": "industrial_grade", "material_form": "parts_components", "additional_specifications": "Mixed structural steel, construction grade"}}, {"model": "category.categoryspecification", "pk": 69, "fields": {"Category": 10, "color": "Natural/Clear", "material_grade": "food_grade", "material_form": "parts_components", "additional_specifications": "Clear glass bottles, various sizes, food contact approved"}}, {"model": "category.categoryspecification", "pk": 70, "fields": {"Category": 10, "color": "Mixed Colors", "material_grade": "industrial_grade", "material_form": "parts_components", "additional_specifications": "Mixed colored glass, industrial applications"}}, {"model": "category.categoryspecification", "pk": 71, "fields": {"Category": 7, "color": "White", "material_grade": "food_grade", "material_form": "parts_components", "additional_specifications": "FDA approved material, cleaned and sorted"}}, {"model": "category.categoryspecification", "pk": 72, "fields": {"Category": 8, "color": "White", "material_grade": "virgin_grade", "material_form": "sheets", "additional_specifications": "Mixed office paper, mainly A4 copy paper"}}, {"model": "category.categoryspecification", "pk": 73, "fields": {"Category": 13, "color": "Mixed Colors", "material_grade": "industrial_grade", "material_form": "parts_components", "additional_specifications": "Beverage cans, mostly 33cl and 50cl sizes"}}, {"model": "category.categoryspecification", "pk": 75, "fields": {"Category": 7, "color": "Red", "material_grade": "industrial_grade", "material_form": "regrind", "additional_specifications": "Volume: 500.00 kg, Base Price: 3.75, test, test"}}, {"model": "category.categoryspecification", "pk": 76, "fields": {"Category": 7, "color": "Custom Color", "material_grade": "industrial_grade", "material_form": "powder", "additional_specifications": "Volume: N/A, Base Price: 0.00"}}, {"model": "ads.location", "pk": 11, "fields": {"country": "Sweden", "state_province": "Stockholm County", "city": "Stockholm", "address_line": "Kungsgatan 15", "postal_code": "111 43", "latitude": 59.3293, "longitude": 18.0686}}, {"model": "ads.location", "pk": 12, "fields": {"country": "Sweden", "state_province": "Vstra Gtaland", "city": "Gothenburg", "address_line": "Kungsportsavenyn 22", "postal_code": "411 36", "latitude": 57.7089, "longitude": 11.9746}}, {"model": "ads.location", "pk": 13, "fields": {"country": "Norway", "state_province": "Oslo", "city": "Oslo", "address_line": "Karl Johans gate 5", "postal_code": "0154", "latitude": 59.9139, "longitude": 10.7522}}, {"model": "ads.location", "pk": 14, "fields": {"country": "Denmark", "state_province": "Capital Region", "city": "Copenhagen", "address_line": "Strget 12", "postal_code": "1160", "latitude": 55.6761, "longitude": 12.5683}}, {"model": "ads.location", "pk": 15, "fields": {"country": "Finland", "state_province": "Uusimaa", "city": "Helsinki", "address_line": "Mannerheimintie 18", "postal_code": "00100", "latitude": 60.1695, "longitude": 24.9354}}, {"model": "ads.location", "pk": 16, "fields": {"country": "Germany", "state_province": "North Rhine-Westphalia", "city": "Dsseldorf", "address_line": "Knigsallee 45", "postal_code": "40212", "latitude": 51.2277, "longitude": 6.7735}}, {"model": "ads.location", "pk": 17, "fields": {"country": "Netherlands", "state_province": "North Holland", "city": "Amsterdam", "address_line": "Damrak 70", "postal_code": "1012 LM", "latitude": 52.3676, "longitude": 4.9041}}, {"model": "ads.location", "pk": 18, "fields": {"country": "Belgium", "state_province": "Brussels", "city": "Brussels", "address_line": "Rue de la Loi 155", "postal_code": "1040", "latitude": 50.8503, "longitude": 4.3517}}, {"model": "ads.location", "pk": 19, "fields": {"country": "Poland", "state_province": "Masovian Voivodeship", "city": "Warsaw", "address_line": "Aleje Jerozolimskie 65", "postal_code": "00-697", "latitude": 52.2297, "longitude": 21.0122}}, {"model": "ads.location", "pk": 20, "fields": {"country": "Czech Republic", "state_province": "Prague", "city": "Prague", "address_line": "Wenceslas Square 15", "postal_code": "110 00", "latitude": 50.0755, "longitude": 14.4378}}, {"model": "ads.location", "pk": 21, "fields": {"country": "United Kingdom", "state_province": "England", "city": "London", "address_line": "Oxford Street 150", "postal_code": "W1D 1NB", "latitude": 51.5074, "longitude": -0.1278}}, {"model": "ads.location", "pk": 22, "fields": {"country": "Ireland", "state_province": "Dublin", "city": "Dublin", "address_line": "O'Connell Street 42", "postal_code": "D01 F5P2", "latitude": 53.3498, "longitude": -6.2603}}, {"model": "ads.location", "pk": 23, "fields": {"country": "Se", "state_province": "Uppsala ln", "city": "Uppsala", "address_line": "Sernanders vg, Uppsala, Sweden", "postal_code": "", "latitude": null, "longitude": null}}, {"model": "ads.location", "pk": 24, "fields": {"country": "Sweden", "state_province": "State", "city": "Gutenborg", "address_line": null, "postal_code": "", "latitude": null, "longitude": null}}, {"model": "ads.location", "pk": 25, "fields": {"country": "Sweden", "state_province": null, "city": "Stockholm", "address_line": "123 Main Street, Stockholm", "postal_code": "12345", "latitude": 59.3293, "longitude": 18.0686}}, {"model": "ads.location", "pk": 26, "fields": {"country": "Se", "state_province": "Stockholms ln", "city": "Stockholm", "address_line": "Swedenborgsgatan, Stockholm, Sweden", "postal_code": "", "latitude": null, "longitude": null}}, {"model": "ads.location", "pk": 27, "fields": {"country": "Se", "state_province": "Stockholms ln", "city": "Stockholm", "address_line": "Swedenborgsgatan, Stockholm, Sweden", "postal_code": "", "latitude": null, "longitude": null}}, {"model": "ads.location", "pk": 28, "fields": {"country": "Se", "state_province": "Vstra Gtalands ln", "city": "Gteborg", "address_line": "Gteborg Energi, 415 05 Gteborg, Sweden", "postal_code": "", "latitude": null, "longitude": null}}, {"model": "ads.location", "pk": 29, "fields": {"country": "Se", "state_province": "Vstra Gtalands ln", "city": "Bors", "address_line": "Borstorpet, 504 94 Bors, Sweden", "postal_code": "", "latitude": null, "longitude": null}}, {"model": "ads.location", "pk": 30, "fields": {"country": "Se", "state_province": "Stockholms ln", "city": "Stockholm", "address_line": "Swedenborgsgatan, Stockholm, Sweden", "postal_code": "", "latitude": null, "longitude": null}}, {"model": "ads.location", "pk": 31, "fields": {"country": "Se", "state_province": "Stockholms ln", "city": "Stockholm", "address_line": "Swedenborgsgatan, Stockholm, Sweden", "postal_code": "", "latitude": null, "longitude": null}}, {"model": "ads.location", "pk": 32, "fields": {"country": "Se", "state_province": "Stockholms ln", "city": "Sollentuna", "address_line": "Malmvgen, Sollentuna, Sweden", "postal_code": "", "latitude": null, "longitude": null}}, {"model": "ads.location", "pk": 33, "fields": {"country": "Se", "state_province": null, "city": "Helsingborg", "address_line": "Helsingborg, SE - Helsingr, DK, Helsingborg, Sweden", "postal_code": "", "latitude": null, "longitude": null}}, {"model": "ads.location", "pk": 34, "fields": {"country": "Se", "state_province": "Vstra Gtalands ln", "city": "Gteborg", "address_line": "Stockholmsgatan, Gteborg, Sverige", "postal_code": "", "latitude": null, "longitude": null}}, {"model": "ads.location", "pk": 35, "fields": {"country": "Se", "state_province": "Vstra Gtalands ln", "city": "Gteborg", "address_line": "Swedenborgsgatan, 417 30 Gteborg, Sweden", "postal_code": "", "latitude": null, "longitude": null}}, {"model": "ads.location", "pk": 36, "fields": {"country": "Se", "state_province": "Stockholms ln", "city": "Stockholm", "address_line": "Swedenborgsgatan, Stockholm, Sweden", "postal_code": "", "latitude": null, "longitude": null}}, {"model": "ads.location", "pk": 37, "fields": {"country": "Se", "state_province": "Stockholms ln", "city": "Stockholm", "address_line": "Swedenborgsgatan, Stockholm, Sweden", "postal_code": "", "latitude": null, "longitude": null}}, {"model": "ads.location", "pk": 38, "fields": {"country": "Se", "state_province": "Vstra Gtalands ln", "city": "Gteborg", "address_line": "Swedenborgsgatan, 417 30 Gteborg, Sweden", "postal_code": "", "latitude": null, "longitude": null}}, {"model": "ads.location", "pk": 39, "fields": {"country": "Se", "state_province": "Vstra Gtalands ln", "city": "Gteborg", "address_line": "Swedenborgsgatan, 417 30 Gteborg, Sweden", "postal_code": "", "latitude": null, "longitude": null}}, {"model": "ads.location", "pk": 40, "fields": {"country": "Se", "state_province": "Uppsala ln", "city": "Uppsala", "address_line": "Swedenborgsgatan, Uppsala, Sweden", "postal_code": "", "latitude": null, "longitude": null}}, {"model": "ads.location", "pk": 41, "fields": {"country": "Se", "state_province": "Uppsala ln", "city": "Uppsala", "address_line": "Swedenborgsgatan, Uppsala, Sweden", "postal_code": "", "latitude": null, "longitude": null}}, {"model": "ads.location", "pk": 42, "fields": {"country": "Se", "state_province": "Uppsala ln", "city": "Uppsala", "address_line": "Swedenborgsgatan, Uppsala, Sweden", "postal_code": "", "latitude": null, "longitude": null}}, {"model": "ads.location", "pk": 43, "fields": {"country": "Se", "state_province": "Vstra Gtalands ln", "city": "Gteborg", "address_line": "Swedenborgsgatan, 417 30 Gteborg, Sweden", "postal_code": "", "latitude": null, "longitude": null}}, {"model": "ads.location", "pk": 44, "fields": {"country": "Se", "state_province": "Jnkpings ln", "city": "Jnkping", "address_line": "Swedenborgsgatan, 554 48 Jnkping, Sweden", "postal_code": "", "latitude": null, "longitude": null}}, {"model": "ads.location", "pk": 45, "fields": {"country": "Se", "state_province": "Uppsala ln", "city": "Uppsala", "address_line": "Sernanders vg, Uppsala, Sweden", "postal_code": "", "latitude": null, "longitude": null}}, {"model": "ads.location", "pk": 46, "fields": {"country": "Se", "state_province": "Vstra Gtalands ln", "city": "Vstra Frlunda", "address_line": "Nymilsgatan, 421 70 Vstra Frlunda, Sweden", "postal_code": "", "latitude": null, "longitude": null}}, {"model": "ads.location", "pk": 47, "fields": {"country": "Se", "state_province": "Skne ln", "city": "Simrishamn", "address_line": "Testgatan, 272 36 Simrishamn, Sweden", "postal_code": "", "latitude": null, "longitude": null}}, {"model": "ads.location", "pk": 48, "fields": {"country": "Se", "state_province": "Uppsala ln", "city": "Uppsala", "address_line": "Swedenborgsgatan, Uppsala, Sweden", "postal_code": "", "latitude": null, "longitude": null}}, {"model": "ads.location", "pk": 49, "fields": {"country": "Sweden", "state_province": null, "city": "Stockholm", "address_line": null, "postal_code": "12345", "latitude": null, "longitude": null}}, {"model": "ads.location", "pk": 50, "fields": {"country": "Sweden", "state_province": null, "city": "Gothenburg", "address_line": null, "postal_code": "41234", "latitude": null, "longitude": null}}, {"model": "ads.location", "pk": 51, "fields": {"country": "Sweden", "state_province": "Stockholm County", "city": "Stockholm", "address_line": "Test Street 123", "postal_code": "12345", "latitude": null, "longitude": null}}, {"model": "ads.location", "pk": 52, "fields": {"country": "Se", "state_province": "Stockholms ln", "city": "Stockholm", "address_line": "Strandvgen, Stockholm, Sweden", "postal_code": null, "latitude": null, "longitude": null}}, {"model": "ads.location", "pk": 53, "fields": {"country": "Se", "state_province": "Vstra Gtalands ln", "city": "Gteborg", "address_line": "Sven Wingquist Gata 2, 415 50 Gteborg, Sweden", "postal_code": "", "latitude": null, "longitude": null}}, {"model": "ads.location", "pk": 54, "fields": {"country": "Se", "state_province": "Uppsala ln", "city": "Uppsala", "address_line": "Swedenborgsgatan, Uppsala, Sweden", "postal_code": "", "latitude": null, "longitude": null}}, {"model": "ads.location", "pk": 55, "fields": {"country": "Se", "state_province": "Vstra Gtalands ln", "city": "Gteborg", "address_line": "Swedenborgsgatan, 417 30 Gteborg, Sweden", "postal_code": "", "latitude": null, "longitude": null}}, {"model": "ads.location", "pk": 56, "fields": {"country": "Se", "state_province": "Vstra Gtalands ln", "city": "Gteborg", "address_line": "Swedenborgsgatan, 417 30 Gteborg, Sweden", "postal_code": "", "latitude": null, "longitude": null}}, {"model": "ads.location", "pk": 57, "fields": {"country": "Se", "state_province": "Vstra Gtalands ln", "city": "Gteborg", "address_line": "Wieselgrensplatsen, Gteborg, Sweden", "postal_code": "", "latitude": null, "longitude": null}}, {"model": "ads.location", "pk": 58, "fields": {"country": "Se", "state_province": "Vstra Gtalands ln", "city": "Gteborg", "address_line": "Seminariegatan, Gteborg, Sweden", "postal_code": "", "latitude": null, "longitude": null}}, {"model": "ads.location", "pk": 59, "fields": {"country": "Se", "state_province": "Stockholms ln", "city": "Stockholm", "address_line": "Swedenborgsgatan, Stockholm, Sweden", "postal_code": null, "latitude": null, "longitude": null}}, {"model": "ads.location", "pk": 60, "fields": {"country": "Se", "state_province": "Vstra Gtalands ln", "city": "Gteborg", "address_line": "Swedenborgsgatan, 417 30 Gteborg, Sweden", "postal_code": "", "latitude": null, "longitude": null}}, {"model": "ads.location", "pk": 61, "fields": {"country": "Se", "state_province": "Vstra Gtalands ln", "city": "Gteborg", "address_line": "Swedenborgsgatan, 417 30 Gteborg, Sweden", "postal_code": "", "latitude": null, "longitude": null}}, {"model": "ads.location", "pk": 62, "fields": {"country": "Se", "state_province": "Stockholms ln", "city": "Stockholm", "address_line": "Swedenborgsgatan, Stockholm, Sweden", "postal_code": "", "latitude": null, "longitude": null}}, {"model": "ads.location", "pk": 63, "fields": {"country": "Se", "state_province": "Stockholms ln", "city": "Stockholm", "address_line": "Swedenborgsgatan, Stockholm, Sweden", "postal_code": "", "latitude": null, "longitude": null}}, {"model": "ads.location", "pk": 64, "fields": {"country": "Se", "state_province": "Uppsala ln", "city": "Uppsala", "address_line": "Swedenborgsgatan, Uppsala, Sweden", "postal_code": "", "latitude": null, "longitude": null}}, {"model": "ads.location", "pk": 65, "fields": {"country": "Se", "state_province": "Uppsala ln", "city": "Uppsala", "address_line": "Swedenborgsgatan, Uppsala, Sweden", "postal_code": "", "latitude": null, "longitude": null}}, {"model": "ads.location", "pk": 66, "fields": {"country": "Sweden", "state_province": "Stockholm County", "city": "Stockholm", "address_line": "Industrivgen 25", "postal_code": "11245", "latitude": 59.3293, "longitude": 18.0686}}, {"model": "ads.location", "pk": 67, "fields": {"country": "Norway", "state_province": "Oslo", "city": "Oslo", "address_line": "Nydalen Park 15", "postal_code": "0484", "latitude": 59.9139, "longitude": 10.7522}}, {"model": "ads.location", "pk": 68, "fields": {"country": "Denmark", "state_province": "Capital Region", "city": "Copenhagen", "address_line": "restads Boulevard 45", "postal_code": "2300", "latitude": 55.6761, "longitude": 12.5683}}, {"model": "ads.location", "pk": 69, "fields": {"country": "Finland", "state_province": "Uusimaa", "city": "Helsinki", "address_line": "Mannerheimintie 12", "postal_code": "00100", "latitude": 60.1699, "longitude": 24.9384}}, {"model": "ads.location", "pk": 70, "fields": {"country": "Germany", "state_province": "Berlin", "city": "Berlin", "address_line": "Unter den Linden 77", "postal_code": "10117", "latitude": 52.52, "longitude": 13.405}}, {"model": "ads.location", "pk": 71, "fields": {"country": "Netherlands", "state_province": "North Holland", "city": "Amsterdam", "address_line": "Damrak 62", "postal_code": "1012 LL", "latitude": 52.3676, "longitude": 4.9041}}, {"model": "ads.location", "pk": 72, "fields": {"country": "France", "state_province": "le-de-France", "city": "Paris", "address_line": "Champs-lyses 101", "postal_code": "75008", "latitude": 48.8566, "longitude": 2.3522}}, {"model": "ads.location", "pk": 73, "fields": {"country": "Belgium", "state_province": "Brussels-Capital", "city": "Brussels", "address_line": "Rue de la Loi 16", "postal_code": "1000", "latitude": 50.8503, "longitude": 4.3517}}, {"model": "ads.location", "pk": 74, "fields": {"country": "Poland", "state_province": "Masovian Voivodeship", "city": "Warsaw", "address_line": "Marszakowska 84", "postal_code": "00-514", "latitude": 52.2297, "longitude": 21.0122}}, {"model": "ads.location", "pk": 75, "fields": {"country": "United Kingdom", "state_province": "England", "city": "London", "address_line": "Baker Street 221B", "postal_code": "NW1 6XE", "latitude": 51.5074, "longitude": -0.1278}}, {"model": "ads.location", "pk": 76, "fields": {"country": "Se", "state_province": "Uppsala ln", "city": "Uppsala", "address_line": "Swedenborgsgatan, Uppsala, Sweden", "postal_code": "", "latitude": null, "longitude": null}}, {"model": "ads.location", "pk": 77, "fields": {"country": "Se", "state_province": "Uppsala ln", "city": "Uppsala", "address_line": "Swedenborgsgatan, Uppsala, Sweden", "postal_code": "", "latitude": null, "longitude": null}}, {"model": "ads.location", "pk": 78, "fields": {"country": "Se", "state_province": "Vstra Gtalands ln", "city": "Falkping", "address_line": "Gamla Skvdevgen, 521 96 Falkping, Sweden", "postal_code": "", "latitude": null, "longitude": null}}, {"model": "ads.location", "pk": 79, "fields": {"country": "Sweden", "state_province": "Vstra Gtaland County", "city": "Gothenburg", "address_line": "Exportgatan 45", "postal_code": "41103", "latitude": 57.7089, "longitude": 11.9746}}, {"model": "ads.location", "pk": 80, "fields": {"country": "Sweden", "state_province": "Skne County", "city": "Malm", "address_line": "Industrigatan 15", "postal_code": "21437", "latitude": 55.605, "longitude": 13.0038}}, {"model": "ads.location", "pk": 81, "fields": {"country": "Sweden", "state_province": "Uppsala County", "city": "Uppsala", "address_line": "Teknikparken 8", "postal_code": "75183", "latitude": 59.8586, "longitude": 17.6389}}, {"model": "ads.location", "pk": 82, "fields": {"country": "Sweden", "state_province": "stergtland County", "city": "Linkping", "address_line": "Science Park 12", "postal_code": "58330", "latitude": 58.4108, "longitude": 15.6214}}, {"model": "ads.location", "pk": 83, "fields": {"country": "Sweden", "state_province": "rebro County", "city": "rebro", "address_line": "Metallvgen 22", "postal_code": "70362", "latitude": 59.2753, "longitude": 15.2134}}, {"model": "ads.location", "pk": 84, "fields": {"country": "Sweden", "state_province": "Vrmland County", "city": "Karlstad", "address_line": "Industriomrdet 35", "postal_code": "65340", "latitude": 59.3793, "longitude": 13.5036}}, {"model": "ads.location", "pk": 85, "fields": {"country": "Sweden", "state_province": "Dalarna County", "city": "Falun", "address_line": "Kopparbergsvgen 18", "postal_code": "79182", "latitude": 60.6269, "longitude": 15.6281}}, {"model": "ads.location", "pk": 86, "fields": {"country": "Sweden", "state_province": "Gvleborg County", "city": "Gvle", "address_line": "Hamngatan 42", "postal_code": "80226", "latitude": 60.6749, "longitude": 17.1413}}, {"model": "ads.location", "pk": 87, "fields": {"country": "Sweden", "state_province": "Vsternorrland County", "city": "Sundsvall", "address_line": "Skogsindustrivgen 7", "postal_code": "85230", "latitude": 62.3908, "longitude": 17.3069}}, {"model": "ads.location", "pk": 88, "fields": {"country": "Se", "state_province": "Stockholms ln", "city": "Stockholm", "address_line": "Swedenborgsgatan, Stockholm, Sweden", "postal_code": "", "latitude": null, "longitude": null}}, {"model": "ads.location", "pk": 89, "fields": {"country": "Se", "state_province": "Skne ln", "city": "Malm", "address_line": "Bangatan, Malm, Sweden", "postal_code": "", "latitude": null, "longitude": null}}, {"model": "ads.location", "pk": 90, "fields": {"country": "Se", "state_province": "Vstra Gtalands ln", "city": "Vstra Frlunda", "address_line": "Nymilsgatan, 421 70 Vstra Frlunda, Sweden", "postal_code": "", "latitude": null, "longitude": null}}, {"model": "ads.location", "pk": 91, "fields": {"country": "Se", "state_province": "Vstra Gtalands ln", "city": "Strmstad", "address_line": "Lindholmen, 452 96 Strmstad, Sweden", "postal_code": "", "latitude": null, "longitude": null}}, {"model": "ads.location", "pk": 92, "fields": {"country": "Se", "state_province": "Stockholms ln", "city": "Stockholm", "address_line": "Malmgrdsvgen, Stockholm, Sweden", "postal_code": "", "latitude": null, "longitude": null}}, {"model": "ads.location", "pk": 93, "fields": {"country": "Se", "state_province": "Vstra Gtalands ln", "city": "Vstra Frlunda", "address_line": "Saltholmen - Stora Fr, Vstra Frlunda, Sweden", "postal_code": "", "latitude": null, "longitude": null}}, {"model": "ads.location", "pk": 94, "fields": {"country": "Se", "state_province": "Uppsala ln", "city": "Uppsala", "address_line": "Swedenborgsgatan, Uppsala, Sweden", "postal_code": "", "latitude": null, "longitude": null}}, {"model": "ads.location", "pk": 95, "fields": {"country": "Se", "state_province": "Vstra Gtalands ln", "city": "Gteborg", "address_line": "Linnplatsen, 413 10 Gteborg, Sweden", "postal_code": "", "latitude": null, "longitude": null}}, {"model": "ads.location", "pk": 96, "fields": {"country": "Se", "state_province": "Vstra Gtalands ln", "city": "Gteborg", "address_line": "Jrntorget, 413 04 Gteborg, Sweden", "postal_code": "", "latitude": null, "longitude": null}}, {"model": "ads.location", "pk": 97, "fields": {"country": "Se", "state_province": "Vstra Gtalands ln", "city": "Gteborg", "address_line": "Jrntorget, 413 04 Gteborg, Sweden", "postal_code": "", "latitude": null, "longitude": null}}, {"model": "ads.location", "pk": 98, "fields": {"country": "Se", "state_province": "Vstra Gtalands ln", "city": "Gteborg", "address_line": "Swedenborgsgatan, 417 30 Gteborg, Sweden", "postal_code": "", "latitude": null, "longitude": null}}, {"model": "ads.location", "pk": 99, "fields": {"country": "Se", "state_province": "Stockholms ln", "city": "Stockholm", "address_line": "Swedenborgsgatan, Stockholm, Sweden", "postal_code": "", "latitude": null, "longitude": null}}, {"model": "ads.location", "pk": 100, "fields": {"country": "Se", "state_province": "Vstra Gtalands ln", "city": "Gteborg", "address_line": "Kungsportsplatsen, 411 10 Gteborg, Sweden", "postal_code": "", "latitude": null, "longitude": null}}, {"model": "ads.location", "pk": 101, "fields": {"country": "Se", "state_province": "Uppsala ln", "city": "Uppsala", "address_line": "Swedenborgsgatan, Uppsala, Sweden", "postal_code": "", "latitude": null, "longitude": null}}, {"model": "ads.location", "pk": 102, "fields": {"country": "Se", "state_province": "Vstra Gtalands ln", "city": "Gteborg", "address_line": "Swedenborgsgatan, 417 30 Gteborg, Sweden", "postal_code": "", "latitude": null, "longitude": null}}, {"model": "ads.location", "pk": 103, "fields": {"country": "Se", "state_province": "Stockholms ln", "city": "Stockholm", "address_line": "Skeppsbron, 111 30 Stockholm, Sweden", "postal_code": "", "latitude": null, "longitude": null}}, {"model": "ads.location", "pk": 104, "fields": {"country": "Se", "state_province": "Hallands ln", "city": "Varberg", "address_line": "Cafvgen, 432 95 Varberg, Sweden", "postal_code": "", "latitude": null, "longitude": null}}, {"model": "ads.location", "pk": 105, "fields": {"country": "Se", "state_province": "Stockholms ln", "city": "Stockholm", "address_line": "Sveavgen, Stockholm, Sweden", "postal_code": "", "latitude": null, "longitude": null}}, {"model": "ads.location", "pk": 106, "fields": {"country": "Se", "state_province": "Stockholms ln", "city": "Stockholm", "address_line": "Sveavgen, Stockholm, Sweden", "postal_code": "", "latitude": null, "longitude": null}}, {"model": "ads.location", "pk": 107, "fields": {"country": "Se", "state_province": "Sdermanlands ln", "city": "Nykping", "address_line": "Norrkpingsvgen, Nykping, Sweden", "postal_code": "", "latitude": null, "longitude": null}}, {"model": "ads.location", "pk": 108, "fields": {"country": "Se", "state_province": "stergtlands ln", "city": "Norrkping", "address_line": "Linkpingsvgen, Norrkping, Sweden", "postal_code": "", "latitude": null, "longitude": null}}, {"model": "ads.location", "pk": 109, "fields": {"country": "Se", "state_province": "Vstra Gtalands ln", "city": "Gteborg", "address_line": "Gteborgs Centralstation, 411 03 Gteborg, Sweden", "postal_code": "", "latitude": null, "longitude": null}}, {"model": "ads.location", "pk": 110, "fields": {"country": "Se", "state_province": "Stockholms ln", "city": "Tby", "address_line": "Stockholmsvgen, Tby, Sweden", "postal_code": "", "latitude": null, "longitude": null}}, {"model": "ads.location", "pk": 111, "fields": {"country": "Se", "state_province": "Skne ln", "city": "Malm", "address_line": "Norra Vallgatan, Malm, Sweden", "postal_code": "", "latitude": null, "longitude": null}}, {"model": "ads.location", "pk": 112, "fields": {"country": "Se", "state_province": "Stockholms ln", "city": "Stockholm", "address_line": "Dbelnsgatan, Stockholm, Sweden", "postal_code": "", "latitude": null, "longitude": null}}, {"model": "ads.location", "pk": 113, "fields": {"country": "Se", "state_province": "Vstra Gtalands ln", "city": "Gteborg", "address_line": "Utlandagatan, Gteborg, Sweden", "postal_code": "", "latitude": null, "longitude": null}}, {"model": "ads.location", "pk": 114, "fields": {"country": "Se", "state_province": "Stockholms ln", "city": "Stockholm", "address_line": "Wollmar Yxkullsgatan, Stockholm, Sweden", "postal_code": "", "latitude": null, "longitude": null}}, {"model": "ads.location", "pk": 115, "fields": {"country": "Se", "state_province": "Stockholms ln", "city": "Stockholm", "address_line": "sgatan, Stockholm, Sweden", "postal_code": "", "latitude": null, "longitude": null}}, {"model": "ads.location", "pk": 116, "fields": {"country": "Se", "state_province": "Stockholms ln", "city": "Stockholm", "address_line": "Hamngatan, Stockholm, Sweden", "postal_code": "", "latitude": null, "longitude": null}}, {"model": "ads.ad", "pk": 284, "fields": {"user": 26, "category": 7, "subcategory": 23, "specific_material": "", "packaging": "baled", "material_frequency": "weekly", "specification": null, "additional_specifications": "123", "origin": "post_industrial", "contamination": "clean", "additives": "uv_stabilizer", "storage_conditions": "climate_controlled", "processing_methods": ["blow_moulding"], "location": 98, "delivery_options": ["pickup_only"], "available_quantity": "1000", "unit_of_measurement": "lbs", "minimum_order_quantity": "100", "starting_bid_price": "100", "currency": "SEK", "auction_duration": 14, "custom_auction_duration": null, "reserve_price": null, "title": "Testing v2", "description": "Testing v2 Testing v2 Testing v2", "keywords": "", "material_image": "https://nordic-loop-platform.onrender.com/media/material_images/user_26/7b30a00fd4fdf955ffa7c33020523997_26_20251002_180955_8b70a906.jpg", "status": "completed", "created_at": "2025-09-25T10:41:39.883Z", "updated_at": "2025-10-02T18:09:55.554Z", "auction_start_date": "2025-09-25T20:01:30.901Z", "auction_end_date": "2025-10-09T20:01:30.901Z", "allow_broker_bids": true, "current_step": 8, "is_complete": true, "step_1_complete": true, "step_2_complete": true, "step_3_complete": true, "step_4_complete": true, "step_5_complete": true, "step_6_complete": true, "step_7_complete": true, "step_8_complete": true}}, {"model": "ads.ad", "pk": 285, "fields": {"user": 26, "category": 8, "subcategory": 73, "specific_material": "", "packaging": "loose", "material_frequency": "quarterly", "specification": null, "additional_specifications": null, "origin": null, "contamination": null, "additives": null, "storage_conditions": null, "processing_methods": [], "location": 99, "delivery_options": ["local_delivery"], "available_quantity": "1000", "unit_of_measurement": "bales", "minimum_order_quantity": "100", "starting_bid_price": "100", "currency": "SEK", "auction_duration": 14, "custom_auction_duration": null, "reserve_price": null, "title": "Laborum rerum anim necessitatibus vitae", "description": "Cum est omnis liber Laborum rerum anim necessitatibus vitae", "keywords": "Aliquid minima ut as", "material_image": "https://nordic-loop-platform.onrender.com/media/material_images/user_26/7f667ff5d4766e297f951a09e6e5d5fb_26_20251009_194919_78cf74a1.jpg", "status": "active", "created_at": "2025-09-28T19:32:00.872Z", "updated_at": "2025-10-16T10:53:13.258Z", "auction_start_date": "2025-10-16T10:53:12.355Z", "auction_end_date": "2025-10-30T10:53:12.355Z", "allow_broker_bids": true, "current_step": 8, "is_complete": true, "step_1_complete": true, "step_2_complete": false, "step_3_complete": false, "step_4_complete": false, "step_5_complete": false, "step_6_complete": true, "step_7_complete": true, "step_8_complete": true}}, {"model": "ads.ad", "pk": 292, "fields": {"user": 10, "category": 12, "subcategory": 104, "specific_material": "", "packaging": "container", "material_frequency": "weekly", "specification": null, "additional_specifications": null, "origin": null, "contamination": null, "additives": null, "storage_conditions": null, "processing_methods": [], "location": 106, "delivery_options": ["pickup_only", "local_delivery"], "available_quantity": "1200", "unit_of_measurement": "kg", "minimum_order_quantity": "0", "starting_bid_price": "19", "currency": "SEK", "auction_duration": 0, "custom_auction_duration": 50, "reserve_price": null, "title": "Recycled Concrete Aggregates  032 mm", "description": "Clean, crushed concrete suitable for use as base layers or backfilling. Sourced from demolition projects, screened and quality checked. Approx. 40 tons available.", "keywords": "", "material_image": "https://nordic-loop-platform.onrender.com/media/material_images/user_10/concreterecyclate_10_20251011_101709_4a90fa82.jpeg", "status": "active", "created_at": "2025-10-11T10:15:52.223Z", "updated_at": "2025-10-11T10:17:22.037Z", "auction_start_date": "2025-10-11T10:17:21.583Z", "auction_end_date": "2025-11-30T10:17:21.583Z", "allow_broker_bids": true, "current_step": 8, "is_complete": true, "step_1_complete": true, "step_2_complete": false, "step_3_complete": false, "step_4_complete": false, "step_5_complete": false, "step_6_complete": true, "step_7_complete": true, "step_8_complete": true}}, {"model": "ads.ad", "pk": 293, "fields": {"user": 10, "category": 12, "subcategory": 105, "specific_material": "", "packaging": "other", "material_frequency": "monthly", "specification": null, "additional_specifications": null, "origin": null, "contamination": null, "additives": null, "storage_conditions": null, "processing_methods": [], "location": 107, "delivery_options": ["national_shipping"], "available_quantity": "10000", "unit_of_measurement": "kg", "minimum_order_quantity": "1000", "starting_bid_price": "20", "currency": "SEK", "auction_duration": 0, "custom_auction_duration": 90, "reserve_price": null, "title": "Mixed Construction Waste  Sorted and Ready for Reuse", "description": "Combination of concrete, brick, and ceramics from renovation site. Ideal for sub-base materials. Approx. 25 tons, moisture-free and easy to transport.", "keywords": "", "material_image": "https://nordic-loop-platform.onrender.com/media/material_images/user_10/recycledmort_10_20251011_103144_879afa79.jpg", "status": "active", "created_at": "2025-10-11T10:19:54.758Z", "updated_at": "2025-10-11T10:31:47.998Z", "auction_start_date": "2025-10-11T10:31:47.995Z", "auction_end_date": "2026-01-09T10:31:47.995Z", "allow_broker_bids": false, "current_step": 8, "is_complete": true, "step_1_complete": true, "step_2_complete": false, "step_3_complete": false, "step_4_complete": false, "step_5_complete": false, "step_6_complete": true, "step_7_complete": true, "step_8_complete": true}}, {"model": "ads.ad", "pk": 294, "fields": {"user": 10, "category": 12, "subcategory": 106, "specific_material": "", "packaging": "container", "material_frequency": "monthly", "specification": null, "additional_specifications": null, "origin": null, "contamination": null, "additives": null, "storage_conditions": null, "processing_methods": [], "location": 108, "delivery_options": ["pickup_only", "local_delivery", "national_shipping"], "available_quantity": "2850", "unit_of_measurement": "kg", "minimum_order_quantity": "100", "starting_bid_price": "35", "currency": "SEK", "auction_duration": 0, "custom_auction_duration": 68, "reserve_price": null, "title": "Ornice Clay Fill  Local Excavation Material", "description": "Natural ornice clay soil from groundwork project. Good for landscaping or levelling. Around 3 tonnes available, easy access for pickup.", "keywords": "", "material_image": "https://nordic-loop-platform.onrender.com/media/material_images/user_10/201577619_10_20251011_103449_c1492a5a.jpg", "status": "active", "created_at": "2025-10-11T10:32:17.713Z", "updated_at": "2025-10-11T10:34:55.473Z", "auction_start_date": "2025-10-11T10:34:55.469Z", "auction_end_date": "2025-12-18T10:34:55.469Z", "allow_broker_bids": true, "current_step": 8, "is_complete": true, "step_1_complete": true, "step_2_complete": false, "step_3_complete": false, "step_4_complete": false, "step_5_complete": false, "step_6_complete": true, "step_7_complete": true, "step_8_complete": true}}, {"model": "ads.ad", "pk": 295, "fields": {"user": 3, "category": 12, "subcategory": 109, "specific_material": "", "packaging": "loose", "material_frequency": "weekly", "specification": null, "additional_specifications": null, "origin": null, "contamination": null, "additives": null, "storage_conditions": null, "processing_methods": [], "location": 109, "delivery_options": ["local_delivery", "pickup_only"], "available_quantity": "7500", "unit_of_measurement": "kg", "minimum_order_quantity": "200", "starting_bid_price": "25", "currency": "SEK", "auction_duration": 0, "custom_auction_duration": 70, "reserve_price": null, "title": "Reclaimed Red Bricks  Cleaned and Palletized", "description": "Classic red clay bricks from dismantled building. Good aesthetic quality, minimal mortar residues. 500 pcs per pallet.", "keywords": "", "material_image": "https://nordic-loop-platform.onrender.com/media/material_images/user_3/14generalreds-pavers.jpg_3_20251011_104814_abaef32e.webp", "status": "active", "created_at": "2025-10-11T10:45:53.611Z", "updated_at": "2025-10-11T10:48:17.512Z", "auction_start_date": "2025-10-11T10:48:17.176Z", "auction_end_date": "2025-12-20T10:48:17.176Z", "allow_broker_bids": false, "current_step": 8, "is_complete": true, "step_1_complete": true, "step_2_complete": false, "step_3_complete": false, "step_4_complete": false, "step_5_complete": false, "step_6_complete": true, "step_7_complete": true, "step_8_complete": true}}, {"model": "ads.ad", "pk": 296, "fields": {"user": 3, "category": 12, "subcategory": 111, "specific_material": "", "packaging": "big_bag", "material_frequency": "bi_weekly", "specification": null, "additional_specifications": null, "origin": null, "contamination": null, "additives": null, "storage_conditions": null, "processing_methods": [], "location": 110, "delivery_options": ["pickup_only", "local_delivery", "national_shipping"], "available_quantity": "3000", "unit_of_measurement": "kg", "minimum_order_quantity": "100", "starting_bid_price": "35", "currency": "SEK", "auction_duration": 0, "custom_auction_duration": 80, "reserve_price": null, "title": "Ceramic Tiles  Surplus from Renovation", "description": "Assorted wall and floor tiles, various sizes and colors. Suitable for reuse or creative projects. Approximately 15 m total.", "keywords": "", "material_image": "https://nordic-loop-platform.onrender.com/media/material_images/user_3/f101ced6c94446568dc324af04cd4e17_3_20251011_105420_2d3867ce.jpg", "status": "active", "created_at": "2025-10-11T10:49:20.888Z", "updated_at": "2025-10-11T10:54:25.128Z", "auction_start_date": "2025-10-11T10:54:25.125Z", "auction_end_date": "2025-12-30T10:54:25.125Z", "allow_broker_bids": true, "current_step": 8, "is_complete": true, "step_1_complete": true, "step_2_complete": false, "step_3_complete": false, "step_4_complete": false, "step_5_complete": false, "step_6_complete": true, "step_7_complete": true, "step_8_complete": true}}, {"model": "ads.ad", "pk": 297, "fields": {"user": 3, "category": 12, "subcategory": 116, "specific_material": "", "packaging": "big_bag", "material_frequency": "weekly", "specification": null, "additional_specifications": null, "origin": null, "contamination": null, "additives": null, "storage_conditions": null, "processing_methods": [], "location": 111, "delivery_options": ["national_shipping", "local_delivery", "pickup_only", "international_shipping"], "available_quantity": "1600", "unit_of_measurement": "kg", "minimum_order_quantity": "50", "starting_bid_price": "39", "currency": "SEK", "auction_duration": 0, "custom_auction_duration": 80, "reserve_price": null, "title": "Recycled Gypsum Boards  Sorted and Clean", "description": "Leftover gypsum plasterboards from interior renovation. Free from paint and contaminants, ready for recycling or reuse. Approx. 1.6 tonnes available, packed on pallets.", "keywords": "", "material_image": "https://nordic-loop-platform.onrender.com/media/material_images/user_3/Plant_report_BHS_Figure_2_IMG_6978-0a2a71a37def9a04_3_20251011_105733_3cf27804.jpeg", "status": "active", "created_at": "2025-10-11T10:55:52.253Z", "updated_at": "2025-10-11T10:57:36.081Z", "auction_start_date": "2025-10-11T10:57:36.077Z", "auction_end_date": "2025-12-30T10:57:36.077Z", "allow_broker_bids": true, "current_step": 8, "is_complete": true, "step_1_complete": true, "step_2_complete": false, "step_3_complete": false, "step_4_complete": false, "step_5_complete": false, "step_6_complete": true, "step_7_complete": true, "step_8_complete": true}}, {"model": "ads.ad", "pk": 298, "fields": {"user": 3, "category": 12, "subcategory": 119, "specific_material": "", "packaging": "baled", "material_frequency": "monthly", "specification": null, "additional_specifications": null, "origin": null, "contamination": null, "additives": null, "storage_conditions": null, "processing_methods": [], "location": 112, "delivery_options": ["local_delivery", "national_shipping"], "available_quantity": "3500", "unit_of_measurement": "kg", "minimum_order_quantity": "100", "starting_bid_price": "25", "currency": "SEK", "auction_duration": 0, "custom_auction_duration": 74, "reserve_price": null, "title": "Surplus Insulation Panels  Mineral Wool and PIR Mix", "description": "Leftover insulation from commercial project. Includes mineral wool boards and PIR panels in good condition, dry and stored indoors. Approx. 40 m available, ideal for reuse in walls or roofs.", "keywords": "", "material_image": "https://nordic-loop-platform.onrender.com/media/material_images/user_3/Rock-Wool-Mineral-Wool-Composite-Panels-Fire-Insulation-Sandwich-Board-Near-Me.webp-2_3_20251011_110121_5171790e.jpg", "status": "active", "created_at": "2025-10-11T10:58:48.158Z", "updated_at": "2025-10-11T11:01:23.611Z", "auction_start_date": "2025-10-11T11:01:23.607Z", "auction_end_date": "2025-12-24T11:01:23.607Z", "allow_broker_bids": true, "current_step": 8, "is_complete": true, "step_1_complete": true, "step_2_complete": false, "step_3_complete": false, "step_4_complete": false, "step_5_complete": false, "step_6_complete": true, "step_7_complete": true, "step_8_complete": true}}, {"model": "ads.ad", "pk": 302, "fields": {"user": 10, "category": 12, "subcategory": 110, "specific_material": "", "packaging": "big_bag", "material_frequency": "monthly", "specification": null, "additional_specifications": null, "origin": null, "contamination": null, "additives": null, "storage_conditions": null, "processing_methods": [], "location": 116, "delivery_options": ["pickup_only", "local_delivery"], "available_quantity": "1000", "unit_of_measurement": "kg", "minimum_order_quantity": "100", "starting_bid_price": "15", "currency": "SEK", "auction_duration": 30, "custom_auction_duration": null, "reserve_price": null, "title": "Asphalt Mix", "description": "Fresh asphalt mix remaining from paving project. Available for immediate use, pickup within 2 hours of notification.", "keywords": "", "material_image": "https://nordic-loop-platform.onrender.com/media/material_images/user_10/asphalt-made-of_10_20251011_155509_a5ae1e68.jpg", "status": "active", "created_at": "2025-10-11T15:54:24.772Z", "updated_at": "2025-10-11T15:55:30.077Z", "auction_start_date": "2025-10-11T15:55:30.070Z", "auction_end_date": "2025-11-10T15:55:30.070Z", "allow_broker_bids": true, "current_step": 8, "is_complete": true, "step_1_complete": true, "step_2_complete": false, "step_3_complete": false, "step_4_complete": false, "step_5_complete": false, "step_6_complete": true, "step_7_complete": true, "step_8_complete": true}}, {"model": "ads.subscription", "pk": 21, "fields": {"company": 1, "plan": "standard", "status": "active", "start_date": "2025-09-24", "end_date": "2026-09-24", "auto_renew": true, "last_payment": "2025-09-24", "amount": "799.00 SEK", "contact_name": "Olivier Karera", "contact_email": "kareraol1@gmail.com", "stripe_customer_id": "cus_T7DJA4SpC5VEfW", "stripe_subscription_id": "sub_1SAysvBuBj8AoQlJ5KG2lf3C", "stripe_price_id": "price_1SAysVBuBj8AoQlJ918L50FF", "created_at": "2025-09-24T19:53:46.380Z", "updated_at": "2025-09-24T21:22:18.413Z", "next_billing_date": null, "trial_end": null, "canceled_at": null, "cancel_at_period_end": false}}, {"model": "ads.subscription", "pk": 22, "fields": {"company": 6, "plan": "premium", "status": "active", "start_date": "2025-09-25", "end_date": "2026-09-25", "auto_renew": true, "last_payment": "2025-09-25", "amount": "799", "contact_name": "Shaya Rahimian", "contact_email": "rahimianshaya@gmail.com", "stripe_customer_id": null, "stripe_subscription_id": null, "stripe_price_id": null, "created_at": "2025-09-25T09:23:37.529Z", "updated_at": "2025-09-25T09:23:37.529Z", "next_billing_date": null, "trial_end": null, "canceled_at": null, "cancel_at_period_end": false}}, {"model": "ads.subscription", "pk": 23, "fields": {"company": 5, "plan": "free", "status": "active", "start_date": "2025-10-02", "end_date": "2026-10-02", "auto_renew": true, "last_payment": "2025-10-02", "amount": "0.00 SEK", "contact_name": "Nicola Valenti", "contact_email": "nickvalenti96@gmail.com", "stripe_customer_id": "cus_TACAI5AG0APd0C", "stripe_subscription_id": null, "stripe_price_id": null, "created_at": "2025-10-02T19:03:23.146Z", "updated_at": "2025-10-02T20:09:55.427Z", "next_billing_date": null, "trial_end": null, "canceled_at": null, "cancel_at_period_end": false}}, {"model": "ads.address", "pk": 4, "fields": {"company": 10, "type": "business", "address_line1": "Karl Johans gate 12", "address_line2": "", "city": "Oslo", "postal_code": "0154", "country": "Norway", "is_verified": true, "is_primary": true, "contact_name": "Lars Andersen", "contact_phone": "+47 22 555 0303", "created_at": "2025-06-30"}}, {"model": "ads.address", "pk": 5, "fields": {"company": 2, "type": "billing", "address_line1": "Nrrebrogade 50", "address_line2": "2nd Floor", "city": "Copenhagen", "postal_code": "2200", "country": "Denmark", "is_verified": true, "is_primary": false, "contact_name": "Mette Hansen", "contact_phone": "+45 33 555 0404", "created_at": "2025-06-30"}}, {"model": "ads.address", "pk": 6, "fields": {"company": 8, "type": "business", "address_line1": "Mannerheimintie 30", "address_line2": "", "city": "Helsinki", "postal_code": "00100", "country": "Finland", "is_verified": false, "is_primary": true, "contact_name": "Jukka Virtanen", "contact_phone": "+358 9 555 0505", "created_at": "2025-06-30"}}, {"model": "ads.address", "pk": 7, "fields": {"company": 6, "type": "shipping", "address_line1": "Potsdamer Platz 1", "address_line2": "Building C", "city": "Berlin", "postal_code": "10785", "country": "Germany", "is_verified": true, "is_primary": false, "contact_name": "Hans Mueller", "contact_phone": "+49 30 555 0606", "created_at": "2025-06-30"}}, {"model": "ads.address", "pk": 8, "fields": {"company": 4, "type": "business", "address_line1": "Dam Square 20", "address_line2": "", "city": "Amsterdam", "postal_code": "1012 NP", "country": "Netherlands", "is_verified": true, "is_primary": true, "contact_name": "Pieter van Berg", "contact_phone": "+31 20 555 0707", "created_at": "2025-06-30"}}, {"model": "ads.address", "pk": 9, "fields": {"company": 1, "type": "billing", "address_line1": "Avenue Louise 100", "address_line2": "Floor 5", "city": "Brussels", "postal_code": "1050", "country": "Belgium", "is_verified": false, "is_primary": false, "contact_name": "Marie Dubois", "contact_phone": "+32 2 555 0808", "created_at": "2025-06-30"}}, {"model": "ads.address", "pk": 10, "fields": {"company": 3, "type": "business", "address_line1": "Wenceslas Square 25", "address_line2": "", "city": "Prague", "postal_code": "110 00", "country": "Czech Republic", "is_verified": true, "is_primary": true, "contact_name": "Pavel Novak", "contact_phone": "+420 224 555 909", "created_at": "2025-06-30"}}, {"model": "ads.address", "pk": 11, "fields": {"company": 7, "type": "shipping", "address_line1": "Aleje Jerozolimskie 100", "address_line2": "Unit 12", "city": "Warsaw", "postal_code": "00-807", "country": "Poland", "is_verified": false, "is_primary": false, "contact_name": "Katarzyna Kowalski", "contact_phone": "+48 22 555 1010", "created_at": "2025-06-30"}}, {"model": "ads.address", "pk": 14, "fields": {"company": 6, "type": "business", "address_line1": "KG 154 st", "address_line2": "", "city": "London", "postal_code": "0000", "country": "United Kingdom", "is_verified": true, "is_primary": true, "contact_name": "Olivier KARERA", "contact_phone": "+250780732171", "created_at": "2025-07-14"}}, {"model": "ads.address", "pk": 15, "fields": {"company": 5, "type": "business", "address_line1": "Motgngen 307", "address_line2": "", "city": "Gothenburg", "postal_code": "41280", "country": "Sweden", "is_verified": false, "is_primary": true, "contact_name": "Nicola Valenti", "contact_phone": "+39 3286505015", "created_at": "2025-07-15"}}, {"model": "ads.address", "pk": 16, "fields": {"company": 1, "type": "business", "address_line1": "KG 154 st", "address_line2": "Test 123", "city": "Kigali City", "postal_code": "0000", "country": "Rwanda", "is_verified": false, "is_primary": true, "contact_name": "Olivier KARERA", "contact_phone": "0780732171", "created_at": "2025-07-24"}}, {"model": "bids.bid", "pk": 228, "fields": {"user": 110, "ad": 284, "bid_price_per_unit": 600, "volume_requested": 1000, "volume_type": "full", "total_bid_value": "600000.00", "status": "lost", "is_auto_bid": false, "max_auto_bid_price": 1000, "created_at": "2025-09-26T06:07:35.393Z", "updated_at": "2025-09-26T06:07:36.628Z", "notes": null, "stripe_payment_method_id": "pm_1SBUo8BuBj8AoQlJyZanfKD9", "stripe_payment_intent_id": "pi_3SBUoeBuBj8AoQlJ3vWlCBeU", "authorization_status": "authorized", "authorization_amount": "600000.00", "authorization_created_at": "2025-09-26T06:07:36.628Z", "authorization_expires_at": "2025-10-03T06:07:36.628Z", "stripe_transfer_id": null, "transfer_status": "pending", "transfer_completed_at": null}}, {"model": "bids.bid", "pk": 229, "fields": {"user": 56, "ad": 284, "bid_price_per_unit": 630, "volume_requested": 1000, "volume_type": "partial", "total_bid_value": "630000.00", "status": "paid", "is_auto_bid": false, "max_auto_bid_price": null, "created_at": "2025-09-28T13:22:59.421Z", "updated_at": "2025-09-28T13:23:29.723Z", "notes": null, "stripe_payment_method_id": "pm_1SCKZ2BuBj8AoQlJDTq5zDiA", "stripe_payment_intent_id": "pi_3SCKZ5BuBj8AoQlJ0gcB87aK", "authorization_status": "captured", "authorization_amount": "630000.00", "authorization_created_at": "2025-09-28T13:23:00.257Z", "authorization_expires_at": "2025-10-05T13:23:00.257Z", "stripe_transfer_id": null, "transfer_status": "pending", "transfer_completed_at": null}}, {"model": "bids.bid", "pk": 230, "fields": {"user": 56, "ad": 285, "bid_price_per_unit": 105, "volume_requested": 1000, "volume_type": "partial", "total_bid_value": "105000.00", "status": "active", "is_auto_bid": false, "max_auto_bid_price": null, "created_at": "2025-09-28T19:35:47.368Z", "updated_at": "2025-09-28T19:35:48.182Z", "notes": null, "stripe_payment_method_id": "pm_1SCQLtBuBj8AoQlJuyhGKf6O", "stripe_payment_intent_id": "pi_3SCQNrBuBj8AoQlJ2KuS861E", "authorization_status": "authorized", "authorization_amount": "105000.00", "authorization_created_at": "2025-09-28T19:35:48.181Z", "authorization_expires_at": "2025-10-05T19:35:48.181Z", "stripe_transfer_id": null, "transfer_status": "pending", "transfer_completed_at": null}}, {"model": "bids.bid", "pk": 231, "fields": {"user": 3, "ad": 302, "bid_price_per_unit": 18, "volume_requested": 1000, "volume_type": "full", "total_bid_value": "18000.00", "status": "active", "is_auto_bid": false, "max_auto_bid_price": 25, "created_at": "2025-10-11T19:13:27.837Z", "updated_at": "2025-10-11T19:13:28.517Z", "notes": null, "stripe_payment_method_id": "pm_1SH8EKBuBj8AoQlJE2B3FUuN", "stripe_payment_intent_id": "pi_3SH8ENBuBj8AoQlJ2j3qSxxc", "authorization_status": "authorized", "authorization_amount": "18000.00", "authorization_created_at": "2025-10-11T19:13:28.517Z", "authorization_expires_at": "2025-10-18T19:13:28.517Z", "stripe_transfer_id": null, "transfer_status": "pending", "transfer_completed_at": null}}, {"model": "bids.bid", "pk": 232, "fields": {"user": 10, "ad": 298, "bid_price_per_unit": 28, "volume_requested": 3500, "volume_type": "full", "total_bid_value": "98000.00", "status": "active", "is_auto_bid": false, "max_auto_bid_price": 30, "created_at": "2025-10-11T19:24:14.396Z", "updated_at": "2025-10-11T19:24:15.177Z", "notes": null, "stripe_payment_method_id": "pm_1SH8OZBuBj8AoQlJ3ytF37kM", "stripe_payment_intent_id": "pi_3SH8OoBuBj8AoQlJ1HosArl9", "authorization_status": "authorized", "authorization_amount": "98000.00", "authorization_created_at": "2025-10-11T19:24:15.177Z", "authorization_expires_at": "2025-10-18T19:24:15.177Z", "stripe_transfer_id": null, "transfer_status": "pending", "transfer_completed_at": null}}, {"model": "bids.bid", "pk": 233, "fields": {"user": 14, "ad": 302, "bid_price_per_unit": 111, "volume_requested": 1000, "volume_type": "partial", "total_bid_value": "111000.00", "status": "active", "is_auto_bid": false, "max_auto_bid_price": 1000, "created_at": "2025-10-16T08:45:37.601Z", "updated_at": "2025-10-16T08:56:16.025Z", "notes": null, "stripe_payment_method_id": "pm_1SImylBuBj8AoQlJJ9zCDeaP", "stripe_payment_intent_id": "pi_3SImypBuBj8AoQlJ2nYVShSk", "authorization_status": "authorized", "authorization_amount": "111000.00", "authorization_created_at": "2025-10-16T08:56:16.025Z", "authorization_expires_at": "2025-10-23T08:56:16.025Z", "stripe_transfer_id": null, "transfer_status": "pending", "transfer_completed_at": null}}, {"model": "bids.bid", "pk": 234, "fields": {"user": 110, "ad": 302, "bid_price_per_unit": 117, "volume_requested": 1000, "volume_type": "partial", "total_bid_value": "117000.00", "status": "active", "is_auto_bid": false, "max_auto_bid_price": null, "created_at": "2025-10-16T08:54:56.952Z", "updated_at": "2025-10-16T08:57:42.007Z", "notes": null, "stripe_payment_method_id": "pm_1SIn0BBuBj8AoQlJYGLS7zpg", "stripe_payment_intent_id": "pi_3SIn0DBuBj8AoQlJ06AvPc39", "authorization_status": "authorized", "authorization_amount": "117000.00", "authorization_created_at": "2025-10-16T08:57:42.007Z", "authorization_expires_at": "2025-10-23T08:57:42.007Z", "stripe_transfer_id": null, "transfer_status": "pending", "transfer_completed_at": null}}, {"model": "bids.bidhistory", "pk": 82, "fields": {"bid": 228, "previous_price": null, "new_price": 600, "previous_volume": null, "new_volume": 1000, "change_reason": "bid_placed", "timestamp": "2025-09-26T06:07:36.630Z"}}, {"model": "bids.bidhistory", "pk": 83, "fields": {"bid": 229, "previous_price": null, "new_price": 630, "previous_volume": null, "new_volume": 1000, "change_reason": "bid_placed", "timestamp": "2025-09-28T13:23:00.260Z"}}, {"model": "bids.bidhistory", "pk": 84, "fields": {"bid": 230, "previous_price": null, "new_price": 105, "previous_volume": null, "new_volume": 1000, "change_reason": "bid_placed", "timestamp": "2025-09-28T19:35:48.184Z"}}, {"model": "bids.bidhistory", "pk": 85, "fields": {"bid": 231, "previous_price": null, "new_price": 18, "previous_volume": null, "new_volume": 1000, "change_reason": "bid_placed", "timestamp": "2025-10-11T19:13:28.519Z"}}, {"model": "bids.bidhistory", "pk": 86, "fields": {"bid": 232, "previous_price": null, "new_price": 28, "previous_volume": null, "new_volume": 3500, "change_reason": "bid_placed", "timestamp": "2025-10-11T19:24:15.179Z"}}, {"model": "bids.bidhistory", "pk": 87, "fields": {"bid": 233, "previous_price": null, "new_price": 100, "previous_volume": null, "new_volume": 1000, "change_reason": "bid_placed", "timestamp": "2025-10-16T08:45:38.610Z"}}, {"model": "bids.bidhistory", "pk": 88, "fields": {"bid": 234, "previous_price": null, "new_price": 105, "previous_volume": null, "new_volume": 1000, "change_reason": "bid_placed", "timestamp": "2025-10-16T08:54:57.682Z"}}, {"model": "bids.bidhistory", "pk": 89, "fields": {"bid": 233, "previous_price": 100, "new_price": 111, "previous_volume": 1000, "new_volume": 1000, "change_reason": "bid_updated", "timestamp": "2025-10-16T08:56:16.028Z"}}, {"model": "bids.bidhistory", "pk": 90, "fields": {"bid": 234, "previous_price": 105, "new_price": 117, "previous_volume": 1000, "new_volume": 1000, "change_reason": "bid_updated", "timestamp": "2025-10-16T08:57:42.009Z"}}, {"model": "notifications.notification", "pk": 434, "fields": {"title": "Congratulations! You Won the Auction", "message": "Great news! You have won the auction for Testing v2. Your winning bid of 630.00 SEK per lbs for 1000.00 lbs has been accepted. Payment has been automatically processed and your purchase is complete!", "date": "2025-09-28T13:23:29.743Z", "is_read": false, "type": "auction", "priority": "high", "action_url": "/dashboard/winning-bids?bid_id=229", "metadata": {"unit": "lbs", "bid_id": 229, "volume": "1000", "currency": "SEK", "auction_id": 284, "action_type": "auction_won", "total_value": "630000", "closure_type": "manual", "winning_price": "630"}, "user": 56, "subscription_target": "all"}}, {"model": "notifications.notification", "pk": 435, "fields": {"title": "Your Auction Has a Winner!", "message": "Congratulations! Your auction for Testing v2 has been closed with a winner. Winner: Forbes and Rice Inc with a bid of 630.00 SEK per lbs for 1000.00 lbs (Total: 630000.00 SEK). The buyer has completed the payment. You will receive another notification when payment payout is ready.", "date": "2025-09-28T13:23:29.745Z", "is_read": false, "type": "auction", "priority": "high", "action_url": "/dashboard/my-auctions?auction_id=284", "metadata": {"unit": "lbs", "bid_id": 229, "volume": "1000", "currency": "SEK", "winner_id": 56, "auction_id": 284, "action_type": "auction_winner_selected", "total_value": "630000", "closure_type": "manual", "winner_email": "olivierkarera2020@gmail.com", "winning_price": "630"}, "user": 26, "subscription_target": "all"}}, {"model": "notifications.notification", "pk": 436, "fields": {"title": "Payout Failed - Insufficient Stripe Balance", "message": "URGENT: Payout processing failed due to insufficient funds in Stripe account. Attempted payout: 598500.00 SEK to seller kareraol1@gmail.com. Payout Schedule ID: e64ac825-1c04-42b0-8fd8-2fe4589b958c. Action Required: Add funds to Stripe account or process manual transfer. Stripe Error: Request req_9vmMMyckweZRP0: You have insufficient available funds in your Stripe account. Try adding funds directly to your available balance by creating Charges using the 4000000000000077 test card. ...", "date": "2025-09-28T19:23:20.675Z", "is_read": false, "type": "system", "priority": "urgent", "action_url": "/admin/payments/payoutschedule/", "metadata": {"currency": "SEK", "severity": "critical", "seller_id": 26, "action_type": "insufficient_funds_alert", "seller_email": "kareraol1@gmail.com", "stripe_error": "Request req_9vmMMyckweZRP0: You have insufficient available funds in your Stripe account. Try adding funds directly to your available balance by creating Charges using the 4000000000000077 test card. See: https://stripe.com/docs/testing#available-balance", "payout_amount": "598500.00", "payout_schedule_id": "e64ac825-1c04-42b0-8fd8-2fe4589b958c"}, "user": 2, "subscription_target": "all"}}, {"model": "notifications.notification", "pk": 438, "fields": {"title": "Payout Failed - Insufficient Stripe Balance", "message": "URGENT: Payout processing failed due to insufficient funds in Stripe account. Attempted payout: 598500.00 SEK to seller kareraol1@gmail.com. Payout Schedule ID: e64ac825-1c04-42b0-8fd8-2fe4589b958c. Action Required: Add funds to Stripe account or process manual transfer. Stripe Error: Request req_9vmMMyckweZRP0: You have insufficient available funds in your Stripe account. Try adding funds directly to your available balance by creating Charges using the 4000000000000077 test card. ...", "date": "2025-09-28T19:23:20.684Z", "is_read": false, "type": "system", "priority": "urgent", "action_url": "/admin/payments/payoutschedule/", "metadata": {"currency": "SEK", "severity": "critical", "seller_id": 26, "action_type": "insufficient_funds_alert", "seller_email": "kareraol1@gmail.com", "stripe_error": "Request req_9vmMMyckweZRP0: You have insufficient available funds in your Stripe account. Try adding funds directly to your available balance by creating Charges using the 4000000000000077 test card. See: https://stripe.com/docs/testing#available-balance", "payout_amount": "598500.00", "payout_schedule_id": "e64ac825-1c04-42b0-8fd8-2fe4589b958c"}, "user": 14, "subscription_target": "all"}}, {"model": "notifications.notification", "pk": 439, "fields": {"title": "Payout Failed - Insufficient Stripe Balance", "message": "URGENT: Payout processing failed due to insufficient funds in Stripe account. Attempted payout: 598500.00 SEK to seller kareraol1@gmail.com. Payout Schedule ID: e64ac825-1c04-42b0-8fd8-2fe4589b958c. Action Required: Add funds to Stripe account or process manual transfer. Stripe Error: Request req_9vmMMyckweZRP0: You have insufficient available funds in your Stripe account. Try adding funds directly to your available balance by creating Charges using the 4000000000000077 test card. ...", "date": "2025-09-28T19:23:20.687Z", "is_read": false, "type": "system", "priority": "urgent", "action_url": "/admin/payments/payoutschedule/", "metadata": {"currency": "SEK", "severity": "critical", "seller_id": 26, "action_type": "insufficient_funds_alert", "seller_email": "kareraol1@gmail.com", "stripe_error": "Request req_9vmMMyckweZRP0: You have insufficient available funds in your Stripe account. Try adding funds directly to your available balance by creating Charges using the 4000000000000077 test card. See: https://stripe.com/docs/testing#available-balance", "payout_amount": "598500.00", "payout_schedule_id": "e64ac825-1c04-42b0-8fd8-2fe4589b958c"}, "user": 9, "subscription_target": "all"}}, {"model": "notifications.notification", "pk": 440, "fields": {"title": "Payout Failed - Insufficient Stripe Balance", "message": "URGENT: Payout processing failed due to insufficient funds in Stripe account. Attempted payout: 598500.00 SEK to seller kareraol1@gmail.com. Payout Schedule ID: e64ac825-1c04-42b0-8fd8-2fe4589b958c. Action Required: Add funds to Stripe account or process manual transfer. Stripe Error: Request req_9vmMMyckweZRP0: You have insufficient available funds in your Stripe account. Try adding funds directly to your available balance by creating Charges using the 4000000000000077 test card. ...", "date": "2025-09-28T19:23:20.690Z", "is_read": false, "type": "system", "priority": "urgent", "action_url": "/admin/payments/payoutschedule/", "metadata": {"currency": "SEK", "severity": "critical", "seller_id": 26, "action_type": "insufficient_funds_alert", "seller_email": "kareraol1@gmail.com", "stripe_error": "Request req_9vmMMyckweZRP0: You have insufficient available funds in your Stripe account. Try adding funds directly to your available balance by creating Charges using the 4000000000000077 test card. See: https://stripe.com/docs/testing#available-balance", "payout_amount": "598500.00", "payout_schedule_id": "e64ac825-1c04-42b0-8fd8-2fe4589b958c"}, "user": 59, "subscription_target": "all"}}, {"model": "notifications.notification", "pk": 441, "fields": {"title": "Payout Failed - Insufficient Stripe Balance", "message": "URGENT: Payout processing failed due to insufficient funds in Stripe account. Attempted payout: 598500.00 SEK to seller kareraol1@gmail.com. Payout Schedule ID: e64ac825-1c04-42b0-8fd8-2fe4589b958c. Action Required: Add funds to Stripe account or process manual transfer. Stripe Error: Request req_9vmMMyckweZRP0: You have insufficient available funds in your Stripe account. Try adding funds directly to your available balance by creating Charges using the 4000000000000077 test card. ...", "date": "2025-09-28T19:23:20.693Z", "is_read": false, "type": "system", "priority": "urgent", "action_url": "/admin/payments/payoutschedule/", "metadata": {"currency": "SEK", "severity": "critical", "seller_id": 26, "action_type": "insufficient_funds_alert", "seller_email": "kareraol1@gmail.com", "stripe_error": "Request req_9vmMMyckweZRP0: You have insufficient available funds in your Stripe account. Try adding funds directly to your available balance by creating Charges using the 4000000000000077 test card. See: https://stripe.com/docs/testing#available-balance", "payout_amount": "598500.00", "payout_schedule_id": "e64ac825-1c04-42b0-8fd8-2fe4589b958c"}, "user": 108, "subscription_target": "all"}}, {"model": "notifications.notification", "pk": 442, "fields": {"title": "Payout Failed - Insufficient Stripe Balance", "message": "URGENT: Payout processing failed due to insufficient funds in Stripe account. Attempted payout: 598500.00 SEK to seller kareraol1@gmail.com. Payout Schedule ID: e64ac825-1c04-42b0-8fd8-2fe4589b958c. Action Required: Add funds to Stripe account or process manual transfer. Stripe Error: Request req_9vmMMyckweZRP0: You have insufficient available funds in your Stripe account. Try adding funds directly to your available balance by creating Charges using the 4000000000000077 test card. ...", "date": "2025-09-28T19:23:20.697Z", "is_read": false, "type": "system", "priority": "urgent", "action_url": "/admin/payments/payoutschedule/", "metadata": {"currency": "SEK", "severity": "critical", "seller_id": 26, "action_type": "insufficient_funds_alert", "seller_email": "kareraol1@gmail.com", "stripe_error": "Request req_9vmMMyckweZRP0: You have insufficient available funds in your Stripe account. Try adding funds directly to your available balance by creating Charges using the 4000000000000077 test card. See: https://stripe.com/docs/testing#available-balance", "payout_amount": "598500.00", "payout_schedule_id": "e64ac825-1c04-42b0-8fd8-2fe4589b958c"}, "user": 26, "subscription_target": "all"}}, {"model": "notifications.notification", "pk": 443, "fields": {"title": "New Company Registration", "message": "Company 'Wise Ryan Associates' has registered and is pending approval. VAT: 400 | Email: hevimamy@mailinator.com | Country: Sweden", "date": "2025-10-01T22:33:29.053Z", "is_read": false, "type": "admin", "priority": "high", "action_url": null, "metadata": {"status": "pending", "company_id": 57, "vat_number": "400", "action_type": "company_registration", "official_name": "Wise Ryan Associates"}, "user": 24, "subscription_target": "all"}}, {"model": "notifications.notification", "pk": 445, "fields": {"title": "New Company Registration", "message": "Company 'Wise Ryan Associates' has registered and is pending approval. VAT: 400 | Email: hevimamy@mailinator.com | Country: Sweden", "date": "2025-10-01T22:33:29.053Z", "is_read": false, "type": "admin", "priority": "high", "action_url": null, "metadata": {"status": "pending", "company_id": 57, "vat_number": "400", "action_type": "company_registration", "official_name": "Wise Ryan Associates"}, "user": 14, "subscription_target": "all"}}, {"model": "notifications.notification", "pk": 446, "fields": {"title": "New Company Registration", "message": "Company 'Wise Ryan Associates' has registered and is pending approval. VAT: 400 | Email: hevimamy@mailinator.com | Country: Sweden", "date": "2025-10-01T22:33:29.053Z", "is_read": false, "type": "admin", "priority": "high", "action_url": null, "metadata": {"status": "pending", "company_id": 57, "vat_number": "400", "action_type": "company_registration", "official_name": "Wise Ryan Associates"}, "user": 9, "subscription_target": "all"}}, {"model": "notifications.notification", "pk": 447, "fields": {"title": "New Company Registration", "message": "Company 'Wise Ryan Associates' has registered and is pending approval. VAT: 400 | Email: hevimamy@mailinator.com | Country: Sweden", "date": "2025-10-01T22:33:29.053Z", "is_read": false, "type": "admin", "priority": "high", "action_url": null, "metadata": {"status": "pending", "company_id": 57, "vat_number": "400", "action_type": "company_registration", "official_name": "Wise Ryan Associates"}, "user": 59, "subscription_target": "all"}}, {"model": "notifications.notification", "pk": 448, "fields": {"title": "New Company Registration", "message": "Company 'Wise Ryan Associates' has registered and is pending approval. VAT: 400 | Email: hevimamy@mailinator.com | Country: Sweden", "date": "2025-10-01T22:33:29.053Z", "is_read": false, "type": "admin", "priority": "high", "action_url": null, "metadata": {"status": "pending", "company_id": 57, "vat_number": "400", "action_type": "company_registration", "official_name": "Wise Ryan Associates"}, "user": 108, "subscription_target": "all"}}, {"model": "notifications.notification", "pk": 449, "fields": {"title": "New Company Registration", "message": "Company 'Wise Ryan Associates' has registered and is pending approval. VAT: 400 | Email: hevimamy@mailinator.com | Country: Sweden", "date": "2025-10-01T22:33:29.053Z", "is_read": false, "type": "admin", "priority": "high", "action_url": null, "metadata": {"status": "pending", "company_id": 57, "vat_number": "400", "action_type": "company_registration", "official_name": "Wise Ryan Associates"}, "user": 26, "subscription_target": "all"}}, {"model": "notifications.notification", "pk": 450, "fields": {"title": "New Company Registration", "message": "Company 'Green and Mcpherson Co' has registered and is pending approval. VAT: fjf994 | Email: olivierkarera2021@gmail.com | Country: Sweden", "date": "2025-10-02T18:12:26.654Z", "is_read": false, "type": "admin", "priority": "high", "action_url": null, "metadata": {"status": "pending", "company_id": 58, "vat_number": "fjf994", "action_type": "company_registration", "official_name": "Green and Mcpherson Co"}, "user": 24, "subscription_target": "all"}}, {"model": "notifications.notification", "pk": 452, "fields": {"title": "New Company Registration", "message": "Company 'Green and Mcpherson Co' has registered and is pending approval. VAT: fjf994 | Email: olivierkarera2021@gmail.com | Country: Sweden", "date": "2025-10-02T18:12:26.654Z", "is_read": false, "type": "admin", "priority": "high", "action_url": null, "metadata": {"status": "pending", "company_id": 58, "vat_number": "fjf994", "action_type": "company_registration", "official_name": "Green and Mcpherson Co"}, "user": 14, "subscription_target": "all"}}, {"model": "notifications.notification", "pk": 453, "fields": {"title": "New Company Registration", "message": "Company 'Green and Mcpherson Co' has registered and is pending approval. VAT: fjf994 | Email: olivierkarera2021@gmail.com | Country: Sweden", "date": "2025-10-02T18:12:26.654Z", "is_read": false, "type": "admin", "priority": "high", "action_url": null, "metadata": {"status": "pending", "company_id": 58, "vat_number": "fjf994", "action_type": "company_registration", "official_name": "Green and Mcpherson Co"}, "user": 9, "subscription_target": "all"}}, {"model": "notifications.notification", "pk": 454, "fields": {"title": "New Company Registration", "message": "Company 'Green and Mcpherson Co' has registered and is pending approval. VAT: fjf994 | Email: olivierkarera2021@gmail.com | Country: Sweden", "date": "2025-10-02T18:12:26.654Z", "is_read": false, "type": "admin", "priority": "high", "action_url": null, "metadata": {"status": "pending", "company_id": 58, "vat_number": "fjf994", "action_type": "company_registration", "official_name": "Green and Mcpherson Co"}, "user": 59, "subscription_target": "all"}}, {"model": "notifications.notification", "pk": 455, "fields": {"title": "New Company Registration", "message": "Company 'Green and Mcpherson Co' has registered and is pending approval. VAT: fjf994 | Email: olivierkarera2021@gmail.com | Country: Sweden", "date": "2025-10-02T18:12:26.654Z", "is_read": false, "type": "admin", "priority": "high", "action_url": null, "metadata": {"status": "pending", "company_id": 58, "vat_number": "fjf994", "action_type": "company_registration", "official_name": "Green and Mcpherson Co"}, "user": 108, "subscription_target": "all"}}, {"model": "notifications.notification", "pk": 456, "fields": {"title": "New Company Registration", "message": "Company 'Green and Mcpherson Co' has registered and is pending approval. VAT: fjf994 | Email: olivierkarera2021@gmail.com | Country: Sweden", "date": "2025-10-02T18:12:26.654Z", "is_read": false, "type": "admin", "priority": "high", "action_url": null, "metadata": {"status": "pending", "company_id": 58, "vat_number": "fjf994", "action_type": "company_registration", "official_name": "Green and Mcpherson Co"}, "user": 26, "subscription_target": "all"}}, {"model": "notifications.notification", "pk": 457, "fields": {"title": "New Company Registration", "message": "Company 'Chavez Nguyen Traders' has registered and is pending approval. VAT: 2909 | Email: chavez@gmail.com | Country: Sweden", "date": "2025-10-02T19:03:57.714Z", "is_read": false, "type": "admin", "priority": "high", "action_url": null, "metadata": {"status": "pending", "company_id": 59, "vat_number": "2909", "action_type": "company_registration", "official_name": "Chavez Nguyen Traders"}, "user": 24, "subscription_target": "all"}}, {"model": "notifications.notification", "pk": 459, "fields": {"title": "New Company Registration", "message": "Company 'Chavez Nguyen Traders' has registered and is pending approval. VAT: 2909 | Email: chavez@gmail.com | Country: Sweden", "date": "2025-10-02T19:03:57.714Z", "is_read": false, "type": "admin", "priority": "high", "action_url": null, "metadata": {"status": "pending", "company_id": 59, "vat_number": "2909", "action_type": "company_registration", "official_name": "Chavez Nguyen Traders"}, "user": 14, "subscription_target": "all"}}, {"model": "notifications.notification", "pk": 460, "fields": {"title": "New Company Registration", "message": "Company 'Chavez Nguyen Traders' has registered and is pending approval. VAT: 2909 | Email: chavez@gmail.com | Country: Sweden", "date": "2025-10-02T19:03:57.715Z", "is_read": false, "type": "admin", "priority": "high", "action_url": null, "metadata": {"status": "pending", "company_id": 59, "vat_number": "2909", "action_type": "company_registration", "official_name": "Chavez Nguyen Traders"}, "user": 9, "subscription_target": "all"}}, {"model": "notifications.notification", "pk": 461, "fields": {"title": "New Company Registration", "message": "Company 'Chavez Nguyen Traders' has registered and is pending approval. VAT: 2909 | Email: chavez@gmail.com | Country: Sweden", "date": "2025-10-02T19:03:57.715Z", "is_read": false, "type": "admin", "priority": "high", "action_url": null, "metadata": {"status": "pending", "company_id": 59, "vat_number": "2909", "action_type": "company_registration", "official_name": "Chavez Nguyen Traders"}, "user": 59, "subscription_target": "all"}}, {"model": "notifications.notification", "pk": 462, "fields": {"title": "New Company Registration", "message": "Company 'Chavez Nguyen Traders' has registered and is pending approval. VAT: 2909 | Email: chavez@gmail.com | Country: Sweden", "date": "2025-10-02T19:03:57.715Z", "is_read": false, "type": "admin", "priority": "high", "action_url": null, "metadata": {"status": "pending", "company_id": 59, "vat_number": "2909", "action_type": "company_registration", "official_name": "Chavez Nguyen Traders"}, "user": 108, "subscription_target": "all"}}, {"model": "notifications.notification", "pk": 463, "fields": {"title": "New Company Registration", "message": "Company 'Chavez Nguyen Traders' has registered and is pending approval. VAT: 2909 | Email: chavez@gmail.com | Country: Sweden", "date": "2025-10-02T19:03:57.715Z", "is_read": false, "type": "admin", "priority": "high", "action_url": null, "metadata": {"status": "pending", "company_id": 59, "vat_number": "2909", "action_type": "company_registration", "official_name": "Chavez Nguyen Traders"}, "user": 26, "subscription_target": "all"}}, {"model": "category_subscriptions.categorysubscription", "pk": 1, "fields": {"user": 26, "category": 7, "subcategory": null, "created_at": "2025-07-24T18:17:17.796Z"}}, {"model": "category_subscriptions.categorysubscription", "pk": 2, "fields": {"user": 26, "category": 13, "subcategory": 120, "created_at": "2025-07-24T18:20:24.692Z"}}, {"model": "category_subscriptions.categorysubscription", "pk": 3, "fields": {"user": 26, "category": 13, "subcategory": 123, "created_at": "2025-07-24T18:20:39.709Z"}}, {"model": "category_subscriptions.categorysubscription", "pk": 4, "fields": {"user": 26, "category": 8, "subcategory": null, "created_at": "2025-07-24T18:20:53.126Z"}}, {"model": "category_subscriptions.categorysubscription", "pk": 26, "fields": {"user": 26, "category": 9, "subcategory": 74, "created_at": "2025-07-28T00:08:43.189Z"}}, {"model": "category_subscriptions.categorysubscription", "pk": 27, "fields": {"user": 26, "category": 9, "subcategory": 78, "created_at": "2025-07-28T00:08:58.349Z"}}, {"model": "category_subscriptions.categorysubscription", "pk": 34, "fields": {"user": 14, "category": 7, "subcategory": 24, "created_at": "2025-08-26T11:21:31.170Z"}}, {"model": "category_subscriptions.categorysubscription", "pk": 35, "fields": {"user": 14, "category": 12, "subcategory": 109, "created_at": "2025-08-26T11:21:39.298Z"}}, {"model": "category_subscriptions.categorysubscription", "pk": 36, "fields": {"user": 14, "category": 12, "subcategory": 108, "created_at": "2025-08-26T11:21:42.516Z"}}, {"model": "category_subscriptions.categorysubscription", "pk": 37, "fields": {"user": 14, "category": 12, "subcategory": 118, "created_at": "2025-08-26T11:21:50.744Z"}}, {"model": "category_subscriptions.categorysubscription", "pk": 38, "fields": {"user": 14, "category": 18, "subcategory": 173, "created_at": "2025-08-26T11:22:00.259Z"}}, {"model": "category_subscriptions.categorysubscription", "pk": 39, "fields": {"user": 10, "category": 12, "subcategory": 106, "created_at": "2025-10-18T15:15:19.321Z"}}, {"model": "category_subscriptions.categorysubscription", "pk": 40, "fields": {"user": 10, "category": 12, "subcategory": 109, "created_at": "2025-10-18T15:15:21.830Z"}}, {"model": "category_subscriptions.categorysubscription", "pk": 41, "fields": {"user": 10, "category": 12, "subcategory": 117, "created_at": "2025-10-18T15:15:25.741Z"}}, {"model": "pricing.pricingplan", "pk": 1, "fields": {"name": "Free Plan", "plan_type": "free", "price": "0.00", "currency": "SEK", "color": "#008066", "is_popular": false, "is_active": true, "order": 1, "created_at": "2025-08-07T00:35:01.868Z", "updated_at": "2025-08-14T20:25:23.875Z"}}, {"model": "pricing.pricingplan", "pk": 2, "fields": {"name": "Standard Plan", "plan_type": "standard", "price": "799.00", "currency": "SEK", "color": "#ed333b", "is_popular": false, "is_active": true, "order": 2, "created_at": "2025-08-07T00:35:09.180Z", "updated_at": "2025-08-14T20:25:34.519Z"}}, {"model": "pricing.pricingplan", "pk": 3, "fields": {"name": "Premium Plan", "plan_type": "premium", "price": "999.00", "currency": "SEK", "color": "#008066", "is_popular": true, "is_active": true, "order": 3, "created_at": "2025-08-07T00:35:18.909Z", "updated_at": "2025-08-14T20:25:49.722Z"}}, {"model": "pricing.basefeature", "pk": 1, "fields": {"name": "marketplace_listings", "category": "marketplace", "base_description": "{value} marketplace listings", "is_active": true, "order": 1, "created_at": "2025-08-07T07:37:40.909Z", "updated_at": "2025-08-07T07:37:40.909Z"}}, {"model": "pricing.basefeature", "pk": 2, "fields": {"name": "monthly_auctions", "category": "auctions", "base_description": "{value} monthly auctions", "is_active": true, "order": 2, "created_at": "2025-08-07T07:37:42.086Z", "updated_at": "2025-08-07T07:37:42.086Z"}}, {"model": "pricing.basefeature", "pk": 3, "fields": {"name": "reporting", "category": "reporting", "base_description": "{value} reporting", "is_active": true, "order": 3, "created_at": "2025-08-07T07:37:43.317Z", "updated_at": "2025-08-07T07:37:43.317Z"}}, {"model": "pricing.basefeature", "pk": 4, "fields": {"name": "discussion_forums", "category": "community", "base_description": "Participation in discussion forums for industry insights", "is_active": true, "order": 4, "created_at": "2025-08-07T07:37:44.516Z", "updated_at": "2025-08-07T07:37:44.516Z"}}, {"model": "pricing.basefeature", "pk": 5, "fields": {"name": "commission_fee", "category": "commission", "base_description": "{value} commission fee on trades", "is_active": true, "order": 5, "created_at": "2025-08-07T07:37:46.108Z", "updated_at": "2025-08-07T07:37:46.108Z"}}, {"model": "pricing.basefeature", "pk": 6, "fields": {"name": "account_verification", "category": "verification", "base_description": "Verified account status and company ratings", "is_active": true, "order": 6, "created_at": "2025-08-07T07:37:47.359Z", "updated_at": "2025-08-07T07:37:47.359Z"}}, {"model": "pricing.basefeature", "pk": 7, "fields": {"name": "customer_support", "category": "support", "base_description": "{value} customer support with faster response times", "is_active": true, "order": 7, "created_at": "2025-08-07T07:37:48.569Z", "updated_at": "2025-08-07T07:37:48.569Z"}}, {"model": "pricing.basefeature", "pk": 8, "fields": {"name": "sample_requests", "category": "access", "base_description": "{value} sample request functionality", "is_active": true, "order": 8, "created_at": "2025-08-07T07:37:49.796Z", "updated_at": "2025-08-07T08:51:31.673Z"}}, {"model": "pricing.basefeature", "pk": 9, "fields": {"name": "contact_access", "category": "access", "base_description": "Access to contact information", "is_active": true, "order": 9, "created_at": "2025-08-07T07:37:51.048Z", "updated_at": "2025-08-07T07:37:51.048Z"}}, {"model": "pricing.basefeature", "pk": 10, "fields": {"name": "priority_listing", "category": "access", "base_description": "Priority listing and access", "is_active": true, "order": 10, "created_at": "2025-08-07T07:37:52.276Z", "updated_at": "2025-08-07T07:37:52.276Z"}}, {"model": "pricing.planfeature", "pk": 48, "fields": {"plan": 1, "base_feature": 2, "is_included": true, "custom_description": null, "feature_value": "Limited", "order": 2, "is_highlighted": false, "created_at": "2025-08-14T20:27:10.330Z", "updated_at": "2025-08-14T20:27:10.331Z"}}, {"model": "pricing.planfeature", "pk": 49, "fields": {"plan": 1, "base_feature": 5, "is_included": true, "custom_description": null, "feature_value": "7%", "order": 5, "is_highlighted": false, "created_at": "2025-08-14T20:27:10.333Z", "updated_at": "2025-08-14T20:27:10.333Z"}}, {"model": "pricing.planfeature", "pk": 50, "fields": {"plan": 1, "base_feature": 4, "is_included": true, "custom_description": null, "feature_value": null, "order": 4, "is_highlighted": false, "created_at": "2025-08-14T20:27:10.335Z", "updated_at": "2025-08-14T20:27:10.335Z"}}, {"model": "pricing.planfeature", "pk": 51, "fields": {"plan": 1, "base_feature": 1, "is_included": true, "custom_description": null, "feature_value": "Limited", "order": 1, "is_highlighted": false, "created_at": "2025-08-14T20:27:10.337Z", "updated_at": "2025-08-14T20:27:10.337Z"}}, {"model": "pricing.planfeature", "pk": 52, "fields": {"plan": 1, "base_feature": 3, "is_included": true, "custom_description": null, "feature_value": "Basic", "order": 3, "is_highlighted": false, "created_at": "2025-08-14T20:27:10.339Z", "updated_at": "2025-08-14T20:27:10.339Z"}}, {"model": "pricing.planfeature", "pk": 53, "fields": {"plan": 2, "base_feature": 2, "is_included": true, "custom_description": null, "feature_value": "Unlimited", "order": 2, "is_highlighted": false, "created_at": "2025-08-14T20:27:49.402Z", "updated_at": "2025-08-14T20:27:49.402Z"}}, {"model": "pricing.planfeature", "pk": 54, "fields": {"plan": 2, "base_feature": 5, "is_included": true, "custom_description": null, "feature_value": "5%", "order": 5, "is_highlighted": false, "created_at": "2025-08-14T20:27:49.404Z", "updated_at": "2025-08-14T20:27:49.404Z"}}, {"model": "pricing.planfeature", "pk": 55, "fields": {"plan": 2, "base_feature": 4, "is_included": true, "custom_description": null, "feature_value": null, "order": 4, "is_highlighted": false, "created_at": "2025-08-14T20:27:49.406Z", "updated_at": "2025-08-14T20:27:49.406Z"}}, {"model": "pricing.planfeature", "pk": 56, "fields": {"plan": 2, "base_feature": 1, "is_included": true, "custom_description": null, "feature_value": "Unlimited", "order": 1, "is_highlighted": false, "created_at": "2025-08-14T20:27:49.408Z", "updated_at": "2025-08-14T20:27:49.408Z"}}, {"model": "pricing.planfeature", "pk": 57, "fields": {"plan": 2, "base_feature": 3, "is_included": true, "custom_description": null, "feature_value": "Advanced", "order": 3, "is_highlighted": false, "created_at": "2025-08-14T20:27:49.410Z", "updated_at": "2025-08-14T20:27:49.410Z"}}, {"model": "pricing.planfeature", "pk": 58, "fields": {"plan": 2, "base_feature": 7, "is_included": true, "custom_description": null, "feature_value": "Premium", "order": 7, "is_highlighted": false, "created_at": "2025-08-14T20:27:49.412Z", "updated_at": "2025-08-14T20:27:49.412Z"}}, {"model": "pricing.planfeature", "pk": 59, "fields": {"plan": 2, "base_feature": 6, "is_included": true, "custom_description": null, "feature_value": null, "order": 6, "is_highlighted": false, "created_at": "2025-08-14T20:27:49.414Z", "updated_at": "2025-08-14T20:27:49.414Z"}}, {"model": "pricing.planfeature", "pk": 60, "fields": {"plan": 3, "base_feature": 8, "is_included": true, "custom_description": null, "feature_value": "Advanced", "order": 2, "is_highlighted": true, "created_at": "2025-08-14T20:28:22.158Z", "updated_at": "2025-08-14T20:28:22.158Z"}}, {"model": "pricing.planfeature", "pk": 61, "fields": {"plan": 3, "base_feature": 9, "is_included": true, "custom_description": null, "feature_value": null, "order": 3, "is_highlighted": true, "created_at": "2025-08-14T20:28:22.160Z", "updated_at": "2025-08-14T20:28:22.160Z"}}, {"model": "pricing.planfeature", "pk": 62, "fields": {"plan": 3, "base_feature": 10, "is_included": true, "custom_description": null, "feature_value": null, "order": 4, "is_highlighted": true, "created_at": "2025-08-14T20:28:22.162Z", "updated_at": "2025-08-14T20:28:22.162Z"}}, {"model": "pricing.planfeature", "pk": 63, "fields": {"plan": 3, "base_feature": 2, "is_included": true, "custom_description": null, "feature_value": "Unlimited", "order": 6, "is_highlighted": false, "created_at": "2025-08-14T20:28:22.164Z", "updated_at": "2025-08-14T20:28:22.164Z"}}, {"model": "pricing.planfeature", "pk": 64, "fields": {"plan": 3, "base_feature": 5, "is_included": true, "custom_description": null, "feature_value": "2%", "order": 1, "is_highlighted": true, "created_at": "2025-08-14T20:28:22.166Z", "updated_at": "2025-08-14T20:28:22.166Z"}}, {"model": "pricing.planfeature", "pk": 65, "fields": {"plan": 3, "base_feature": 4, "is_included": true, "custom_description": null, "feature_value": null, "order": 8, "is_highlighted": false, "created_at": "2025-08-14T20:28:22.168Z", "updated_at": "2025-08-14T20:28:22.168Z"}}, {"model": "pricing.planfeature", "pk": 66, "fields": {"plan": 3, "base_feature": 1, "is_included": true, "custom_description": null, "feature_value": "Unlimited", "order": 5, "is_highlighted": false, "created_at": "2025-08-14T20:28:22.170Z", "updated_at": "2025-08-14T20:28:22.170Z"}}, {"model": "pricing.planfeature", "pk": 67, "fields": {"plan": 3, "base_feature": 3, "is_included": true, "custom_description": null, "feature_value": "Advanced", "order": 7, "is_highlighted": false, "created_at": "2025-08-14T20:28:22.172Z", "updated_at": "2025-08-14T20:28:22.172Z"}}, {"model": "pricing.planfeature", "pk": 68, "fields": {"plan": 3, "base_feature": 7, "is_included": true, "custom_description": null, "feature_value": "Premium", "order": 10, "is_highlighted": false, "created_at": "2025-08-14T20:28:22.174Z", "updated_at": "2025-08-14T20:28:22.174Z"}}, {"model": "pricing.planfeature", "pk": 69, "fields": {"plan": 3, "base_feature": 6, "is_included": true, "custom_description": null, "feature_value": null, "order": 9, "is_highlighted": false, "created_at": "2025-08-14T20:28:22.176Z", "updated_at": "2025-08-14T20:28:22.176Z"}}, {"model": "pricing.pricingpagecontent", "pk": 1, "fields": {"title": "Flexible Business Plans for Sustainable Growth", "subtitle": "Flexible plans for every business; whether you're just starting or looking to scale sustainability.", "section_label": "Pricing", "cta_text": "Get Started", "cta_url": "/coming-soon", "created_at": "2025-08-07T00:35:00.989Z", "updated_at": "2025-08-07T00:35:00.989Z"}}, {"model": "payments.paymentintent", "pk": "4daf7a9e-2243-43d2-850f-2a90360fd16a", "fields": {"stripe_payment_intent_id": "pi_3SCKZ5BuBj8AoQlJ0gcB87aK", "bid": 229, "buyer": 56, "seller": 26, "total_amount": "630000.00", "commission_amount": "31500.00", "seller_amount": "598500.00", "commission_rate": "5.00", "status": "succeeded", "currency": "SEK", "created_at": "2025-09-28T13:23:29.728Z", "updated_at": "2025-09-28T13:23:29.729Z", "confirmed_at": "2025-09-28T13:23:29.724Z"}}, {"model": "payments.transaction", "pk": "ba52d380-d18c-42c6-8b04-b2def42c327b", "fields": {"payment_intent": "4daf7a9e-2243-43d2-850f-2a90360fd16a", "transaction_type": "payment", "amount": "630000.00", "currency": "SEK", "status": "completed", "from_user": 56, "to_user": null, "stripe_transfer_id": null, "stripe_charge_id": "pi_3SCKZ5BuBj8AoQlJ0gcB87aK", "description": "Payment for auction: Testing v2", "metadata": {"bid_id": 229, "auction_id": 284, "payment_type": "bid_payment"}, "created_at": "2025-09-28T13:23:29.731Z", "updated_at": "2025-09-28T13:23:29.731Z", "processed_at": "2025-09-28T13:23:29.730Z"}}, {"model": "payments.transaction", "pk": "fed10768-61b7-4a4e-98b0-ea28451c38cd", "fields": {"payment_intent": "4daf7a9e-2243-43d2-850f-2a90360fd16a", "transaction_type": "payout", "amount": "598500.00", "currency": "SEK", "status": "pending", "from_user": null, "to_user": 26, "stripe_transfer_id": null, "stripe_charge_id": null, "description": "Payout for auction: Testing v2", "metadata": {"bid_id": 229, "auction_id": 284, "payment_type": "seller_payout", "commission_amount": "31500.00", "original_payment_amount": "630000.00"}, "created_at": "2025-09-28T13:23:29.732Z", "updated_at": "2025-09-28T13:23:29.732Z", "processed_at": null}}, {"model": "payments.payoutschedule", "pk": "0e013829-ed88-4060-81c2-492cd0d86443", "fields": {"seller": 26, "total_amount": "598500.00", "currency": "SEK", "status": "scheduled", "scheduled_date": "2025-09-28", "processed_date": null, "stripe_payout_id": null, "created_by": 26, "processed_by": null, "notes": "Direct payout - processed immediately", "metadata": {}, "created_at": "2025-09-28T14:09:22.229Z", "updated_at": "2025-09-28T14:09:22.229Z", "transactions": ["fed10768-61b7-4a4e-98b0-ea28451c38cd"]}}, {"model": "payments.payoutschedule", "pk": "5453b219-2828-49b0-9eaa-c0f5bda16d7f", "fields": {"seller": 26, "total_amount": "598500.00", "currency": "SEK", "status": "scheduled", "scheduled_date": "2025-09-28", "processed_date": null, "stripe_payout_id": null, "created_by": 26, "processed_by": null, "notes": "Direct payout - processed immediately", "metadata": {}, "created_at": "2025-09-28T14:09:45.148Z", "updated_at": "2025-09-28T14:09:45.148Z", "transactions": ["fed10768-61b7-4a4e-98b0-ea28451c38cd"]}}, {"model": "payments.payoutschedule", "pk": "55602339-98a8-47fb-bf83-bce756cfeba9", "fields": {"seller": 26, "total_amount": "598500.00", "currency": "SEK", "status": "scheduled", "scheduled_date": "2025-09-28", "processed_date": null, "stripe_payout_id": null, "created_by": 26, "processed_by": null, "notes": "Direct payout - processed immediately", "metadata": {}, "created_at": "2025-09-28T14:11:05.587Z", "updated_at": "2025-09-28T14:11:05.587Z", "transactions": ["fed10768-61b7-4a4e-98b0-ea28451c38cd"]}}, {"model": "payments.payoutschedule", "pk": "e64ac825-1c04-42b0-8fd8-2fe4589b958c", "fields": {"seller": 26, "total_amount": "598500.00", "currency": "SEK", "status": "failed", "scheduled_date": "2025-09-28", "processed_date": "2025-09-28", "stripe_payout_id": "failed_e64ac825-1c04-42b0-8fd8-2fe4589b958c", "created_by": 26, "processed_by": null, "notes": "Direct payout - processed immediately", "metadata": {"error": "Request req_9vmMMyckweZRP0: You have insufficient available funds in your Stripe account. Try adding funds directly to your available balance by creating Charges using the 4000000000000077 test card. See: https://stripe.com/docs/testing#available-balance", "failure_reason": "Insufficient Stripe account balance", "insufficient_funds": true, "requires_admin_action": true}, "created_at": "2025-09-28T19:23:19.345Z", "updated_at": "2025-09-28T19:23:20.663Z", "transactions": ["fed10768-61b7-4a4e-98b0-ea28451c38cd"]}}, {"model": "payments.payoutschedule", "pk": "f24a1d60-2659-406f-a7c3-6945eccc0894", "fields": {"seller": 26, "total_amount": "598500.00", "currency": "SEK", "status": "scheduled", "scheduled_date": "2025-09-28", "processed_date": null, "stripe_payout_id": null, "created_by": 26, "processed_by": null, "notes": "Direct payout - processed immediately", "metadata": {}, "created_at": "2025-09-28T14:10:39.780Z", "updated_at": "2025-09-28T14:10:39.780Z", "transactions": ["fed10768-61b7-4a4e-98b0-ea28451c38cd"]}}, {"model": "payments.payoutschedule", "pk": "f3e126b6-fde4-4010-978a-1a5762184677", "fields": {"seller": 26, "total_amount": "598500.00", "currency": "SEK", "status": "scheduled", "scheduled_date": "2025-09-28", "processed_date": null, "stripe_payout_id": null, "created_by": 26, "processed_by": null, "notes": "Direct payout - processed immediately", "metadata": {}, "created_at": "2025-09-28T14:10:29.839Z", "updated_at": "2025-09-28T14:10:29.839Z", "transactions": ["fed10768-61b7-4a4e-98b0-ea28451c38cd"]}}, {"model": "payments.payoutschedule", "pk": "f8f51bed-e04e-4df2-98b5-3cd63aeb9b7e", "fields": {"seller": 26, "total_amount": "598500.00", "currency": "SEK", "status": "scheduled", "scheduled_date": "2025-09-28", "processed_date": null, "stripe_payout_id": null, "created_by": 26, "processed_by": null, "notes": "Direct payout - processed immediately", "metadata": {}, "created_at": "2025-09-28T18:29:09.964Z", "updated_at": "2025-09-28T18:29:09.964Z", "transactions": ["fed10768-61b7-4a4e-98b0-ea28451c38cd"]}}]